index,우편번호,주소
31864,58443,전라남도 영암군 청현길 79
31865,58444,전라남도 영암군 부암길 55
31866,58445,전라남도 영암군 잿등로 161
31867,58446,전라남도 영암군 백야길 29
31868,58447,전라남도 영암군 나불외도로 77
31869,58448,전라남도 영암군 대불역로 101
31870,58449,전라남도 영암군 신항로 120
31871,58450,전라남도 영암군 나불로 434
31872,58451,전라남도 영암군 세관1길 17
31873,58452,전라남도 영암군 소등로 31
31874,58453,전라남도 영암군 용앙로 8
31875,58454,전라남도 영암군 대촌길 39
31876,58455,전라남도 영암군 대불주거2로2길 9
31877,58456,전라남도 영암군 대불주거7로3길 18
31878,58457,전라남도 영암군 대불주거3로 31
31879,58458,전라남도 영암군 세가래2길 6
31880,58459,전라남도 영암군 삼호중앙로 78
31881,58460,전라남도 영암군 삼불2길 8
31882,58461,전라남도 영암군 난대길 50
31883,58462,전라남도 영암군 대불로 91
31884,58463,전라남도 영암군 삼포로 125
31885,58464,전라남도 영암군 전원마을길 31
31886,58465,전라남도 영암군 망월천로 101
31887,58466,전라남도 영암군 망산길 110
31888,58467,전라남도 영암군 대보둑로 137
31889,58500,전라남도 무안군 대사길 190
31890,58501,전라남도 무안군 봉대로 289
31891,58502,전라남도 무안군 봉대로 41
31892,58503,전라남도 무안군 만송로 1232
31893,58504,전라남도 무안군 만송로 1500
31894,58505,전라남도 무안군 발산길 22
31895,58506,전라남도 무안군 발산길 85
31896,58507,전라남도 무안군 구등길 55
31897,58508,전라남도 무안군 현해로 2102
31898,58509,전라남도 무안군 가입안길 35
31899,58510,전라남도 무안군 석북길 91
31900,58511,전라남도 무안군 외송정길 67
31901,58512,전라남도 무안군 황토길 154
31902,58513,전라남도 무안군 현해로 192
31903,58514,전라남도 무안군 장군로 825
31904,58515,전라남도 무안군 보평로 280
31905,58516,전라남도 무안군 영산로 3067
31906,58517,전라남도 무안군 황토길 553
31907,58518,전라남도 무안군 상천길 71
31908,58519,전라남도 무안군 상봉길 54
31909,58520,전라남도 무안군 보평로 176
31910,58521,전라남도 무안군 교촌길 24
31911,58522,전라남도 무안군 승달로 25
31912,58523,전라남도 무안군 면성1길 29
31913,58524,전라남도 무안군 무안중앙로 16
31914,58525,전라남도 무안군 면성2길 63
31915,58526,전라남도 무안군 불무로 48
31916,58527,전라남도 무안군 불무로 38
31917,58528,전라남도 무안군 불무로 39
31918,58529,전라남도 무안군 무안로 435
31919,58530,전라남도 무안군 무안로 380
31920,58531,전라남도 무안군 무안로 452
31921,58532,전라남도 무안군 몽탄로 1
31922,58533,전라남도 무안군 공항로 970
31923,58534,전라남도 무안군 운해로 1478
31924,58535,전라남도 무안군 조금나루길 54
31925,58536,전라남도 무안군 탄도길 16
31926,58537,전라남도 무안군 운해로 1002
31927,58538,전라남도 무안군 영해로 551
31928,58539,전라남도 무안군 신월로 492
31929,58540,전라남도 무안군 태천길 46
31930,58541,전라남도 무안군 관동길 31
31931,58542,전라남도 무안군 영산로 1834
31932,58543,전라남도 무안군 청계공단1길 115
31933,58544,전라남도 무안군 청계공단길 136
31934,58545,전라남도 무안군 동암길 10
31935,58546,전라남도 무안군 몽탄로 834
31936,58547,전라남도 무안군 인평길 25
31937,58548,전라남도 무안군 원구산길 137
31938,58549,전라남도 무안군 귀학길 133
31939,58550,전라남도 무안군 죽전길 9
31940,58551,전라남도 무안군 해안로 62
31941,58552,전라남도 무안군 영산로 1701
31942,58553,전라남도 무안군 도림길 87
31943,58554,전라남도 무안군 영산로 1666
31944,58555,전라남도 무안군 승달산1길 17
31945,58556,전라남도 무안군 복길로 23
31946,58557,전라남도 무안군 복길로 164
31947,58558,전라남도 무안군 삼향공단길 42
31948,58559,전라남도 무안군 왕산로 246
31949,58560,전라남도 무안군 영산로 1100
31950,58561,전라남도 무안군 삼향중앙로 212
31951,58562,전라남도 무안군 국사로 171
31952,58563,전라남도 무안군 오룡산로 378
31954,58565,전라남도 무안군 오룡3길 41
31955,58566,전라남도 무안군 남악2로74번길 14
31956,58567,전라남도 무안군 남악2로22번길 30
31957,58568,전라남도 무안군 남악5로22번길 60
31958,58569,전라남도 무안군 감돈길 86
31959,58570,전라남도 무안군 배들이길 27
31960,58571,전라남도 무안군 갈산안길 136
31961,58572,전라남도 무안군 백련둘레길 25
31962,58573,전라남도 무안군 소댕이나루길 19
31963,58574,전라남도 무안군 삼일로 560
31964,58575,전라남도 무안군 일로로 78
31965,58576,전라남도 무안군 소댕이나루길 333
31966,58577,전라남도 무안군 선비길 8
31967,58578,전라남도 무안군 남악4로34번길 8
31968,58579,전라남도 무안군 남악로162번길 80
31969,58580,전라남도 무안군 청포로 210
31970,58581,전라남도 무안군 오룡교육로 29
31971,58582,전라남도 무안군 오룡남로 40
31972,58600,전라남도 목포시 대양산단로97번길 42
31973,58601,전라남도 목포시 대양산단로199번길 93
31974,58602,전라남도 목포시 대박길 161
31975,58603,전라남도 목포시 영산로 761
31976,58604,전라남도 목포시 산계길 4
31977,58605,전라남도 목포시 신지마을3길 17
31978,58606,전라남도 목포시 임성로 3
31979,58607,전라남도 목포시 대양로342번길 12
31980,58608,전라남도 목포시 대양로 238
31981,58609,전라남도 목포시 관해로 21
31982,58610,전라남도 목포시 용해지구로 12
31983,58611,전라남도 목포시 용해지구로 54
31984,58612,전라남도 목포시 고하대로 804
31986,58614,전라남도 목포시 온남길28번길 1
31987,58615,전라남도 목포시 텃골로 19
31988,58616,전라남도 목포시 텃골로13번길 72
31989,58617,전라남도 목포시 텃골로33번길 92
31990,58618,전라남도 목포시 둔재머리길 108
31991,58619,전라남도 목포시 연산로 250
31992,58620,전라남도 목포시 공단중앙로 88
31993,58621,전라남도 목포시 고하대로719번길 44
31994,58622,전라남도 목포시 청호로 228
31995,58623,전라남도 목포시 청호로219번길 34
31996,58624,전라남도 목포시 청호로 225
31997,58625,전라남도 목포시 고하대로597번길 63
31998,58626,전라남도 목포시 해양대학로 183
31999,58627,전라남도 목포시 유달로 203
32000,58628,전라남도 목포시 해양대학로 114
32001,58629,전라남도 목포시 해안로 25
32002,58630,전라남도 목포시 유달로 119
32003,58631,전라남도 목포시 유달로 3
32004,58632,전라남도 목포시 원산중앙로 89
32005,58633,전라남도 목포시 원산중앙로 106
32006,58634,전라남도 목포시 양을로 145
32007,58635,전라남도 목포시 양을로 65
32008,58636,전라남도 목포시 원산정로 60
32009,58637,전라남도 목포시 원산중앙로 43
32010,58638,전라남도 목포시 원산로69번안길 2
32011,58639,전라남도 목포시 죽산로 5
32012,58640,전라남도 목포시 양을로 49
32013,58641,전라남도 목포시 상동로21번길 105
32014,58642,전라남도 목포시 상리로9번길 21
32015,58643,전라남도 목포시 중화길13번길 13
32016,58644,전라남도 목포시 영산로 413
32017,58645,전라남도 목포시 용당로264번길 21
32018,58646,전라남도 목포시 용당로266번길 4
32019,58647,전라남도 목포시 산정로238번길 74
32020,58648,전라남도 목포시 양을로 148
32021,58649,전라남도 목포시 산정로 190
32022,58650,전라남도 목포시 용당로 257
32023,58651,전라남도 목포시 영산로317번길 6
32024,58652,전라남도 목포시 동부로17번길 20
32025,58653,전라남도 목포시 신촌로 19
32026,58654,전라남도 목포시 산대로 9
32027,58655,전라남도 목포시 녹색로 32
32028,58656,전라남도 목포시 석현로 38
32029,58657,전라남도 목포시 하당로311번길 2
32030,58658,전라남도 목포시 옥암로 147
32031,58659,전라남도 목포시 양을로532번길 29
32032,58660,전라남도 목포시 하당로221번길 24
32033,58661,전라남도 목포시 비파로 111
32034,58662,전라남도 목포시 하당로 254
32035,58663,전라남도 목포시 삼향천로 103
32036,58664,전라남도 목포시 백년대로337번길 8
32037,58665,전라남도 목포시 백년대로315번길 16
32038,58666,전라남도 목포시 백년대로307번길 7
32039,58667,전라남도 목포시 백년대로231번길 7
32040,58668,전라남도 목포시 섶나루길 11
32041,58669,전라남도 목포시 선곡로 59
32042,58670,전라남도 목포시 선곡로 50
32043,58671,전라남도 목포시 정의로 4
32044,58672,전라남도 목포시 부주로 312
32045,58673,전라남도 목포시 당가두로13번길 8
32046,58674,전라남도 목포시 당가두로38번길 12
32047,58675,전라남도 목포시 남악로 19
32048,58676,전라남도 목포시 남악1로52번길 31
32049,58677,전라남도 목포시 남악1로52번길 63
32050,58678,전라남도 목포시 남악2로52번길 16
32051,58679,전라남도 목포시 남악1로32번길 6
32052,58680,전라남도 목포시 남악1로16번길 22
32053,58681,전라남도 목포시 남악로 177
32054,58682,전라남도 목포시 남악로162번길 24
32055,58684,전라남도 목포시 복산길 62
32056,58685,전라남도 목포시 신흥로 102
32057,58686,전라남도 목포시 통일대로119번길 3
32058,58687,전라남도 목포시 옥암로 32
32059,58688,전라남도 목포시 하당남부로61번길 23
32060,58689,전라남도 목포시 백년대로 352
32061,58690,전라남도 목포시 백년대로 328
32062,58691,전라남도 목포시 장미로 4
32063,58692,전라남도 목포시 부흥로 30
32064,58693,전라남도 목포시 하당남부로 16
32065,58694,전라남도 목포시 교육로 10
32066,58695,전라남도 목포시 하당로 52
32067,58696,전라남도 목포시 백년대로274번길 9
32068,58697,전라남도 목포시 백년대로266번길 24
32069,58698,전라남도 목포시 하당로 103
32070,58699,전라남도 목포시 남농로 115
32071,58700,전라남도 목포시 영산로346번길 10
32072,58701,전라남도 목포시 영산로 350
32073,58702,전라남도 목포시 삼학로 363
32074,58703,전라남도 목포시 용당로 138
32075,58704,전라남도 목포시 안장산로17번길 1
32076,58705,전라남도 목포시 용두로18번길 27
32077,58706,전라남도 목포시 영산로 288
32078,58707,전라남도 목포시 산정로150번길 36
32079,58708,전라남도 목포시 산정로 123
32080,58709,전라남도 목포시 용두로18번길 8
32081,58710,전라남도 목포시 산대로 96
32082,58711,전라남도 목포시 청호로54번길 6
32083,58712,전라남도 목포시 노송길7번길 16
32084,58713,전라남도 목포시 고하대로642번길 13
32085,58714,전라남도 목포시 죽교천로 120
32086,58715,전라남도 목포시 죽교천로122번길 7
32087,58716,전라남도 목포시 원산로 38
32088,58717,전라남도 목포시 북항로74번길 15
32089,58718,전라남도 목포시 청호로 79
32090,58719,전라남도 목포시 북항로 125
32091,58720,전라남도 목포시 죽교길 8
32092,58721,전라남도 목포시 북항로 9
32093,58722,전라남도 목포시 청호로19번길 2
32094,58723,전라남도 목포시 수문로20번길 7
32095,58724,전라남도 목포시 수문로 60
32096,58725,전라남도 목포시 북교길 25
32097,58726,전라남도 목포시 차범석길35번길 6
32098,58727,전라남도 목포시 수문로 37
32099,58728,전라남도 목포시 호남로64번길 38
32100,58729,전라남도 목포시 영산로 57
32101,58730,전라남도 목포시 영산로 180
32102,58731,전라남도 목포시 산정로103번길 2
32103,58732,전라남도 목포시 산정로 72
32104,58733,전라남도 목포시 동명로76번길 28
32105,58734,전라남도 목포시 동명로 124
32106,58735,전라남도 목포시 용당로 100
32107,58736,전라남도 목포시 입암천북로10번길 17
32108,58737,전라남도 목포시 삼학로223번길 15
32109,58738,전라남도 목포시 남해로39번길 8
32110,58739,전라남도 목포시 동명로52번길 11
32111,58740,전라남도 목포시 동명로 41
32112,58741,전라남도 목포시 삼학로 59
32113,58742,전라남도 목포시 삼학로93번길 7
32114,58743,전라남도 목포시 남해로12번길 6
32115,58744,전라남도 목포시 둥근섬로6번길 17
32116,58745,전라남도 목포시 남해로 66
32117,58746,전라남도 목포시 평화로153번길 14
32118,58747,전라남도 목포시 원형동로 9
32120,58749,전라남도 목포시 평화로 2
32121,58750,전라남도 목포시 평화로 100
32122,58751,전라남도 목포시 삼학로92번길 104
32123,58752,전라남도 목포시 송도길 6
32124,58753,전라남도 목포시 영산로40번길 17
32125,58754,전라남도 목포시 유동로42번길 13
32126,58755,전라남도 목포시 영산로10번길 27
32127,58756,전라남도 목포시 유동로 35
32128,58757,전라남도 목포시 보리마당로52번길 7
32129,58758,전라남도 목포시 해안로 109
32130,58759,전라남도 목포시 해안로 132
32131,58760,전라남도 목포시 율도금수동길 51
32132,58761,전라남도 목포시 달리길 125
32133,58762,전라남도 목포시 고하도길 216
32134,58763,전라남도 목포시 연산백련로31번길 6
32135,58800,전라남도 신안군 전장포길 914
32136,58801,전라남도 신안군 수도길 50
32137,58802,전라남도 신안군 한틀길 184
32138,58803,전라남도 신안군 임자로 530
32139,58804,전라남도 신안군 재원길 68
32140,58805,전라남도 신안군 부동길 69
32141,58806,전라남도 신안군 이흑암길 320
32142,58807,전라남도 신안군 보물섬길 348
32143,58808,전라남도 신안군 대초길 25
32144,58809,전라남도 신안군 병풍1길 109
32145,58810,전라남도 신안군 참도길 100
32146,58811,전라남도 신안군 용교길 146
32147,58812,전라남도 신안군 조비길 20
32148,58813,전라남도 신안군 해제지도로 1373
32149,58814,전라남도 신안군 탄동길 58
32150,58815,전라남도 신안군 해제지도로 979
32151,58816,전라남도 신안군 매계길 17
32152,58817,전라남도 신안군 왕산길 149
32153,58818,전라남도 신안군 매화길 700
32154,58819,전라남도 신안군 원가룡길 87
32155,58820,전라남도 신안군 송림양알길 63
32156,58821,전라남도 신안군 추섬길 61
32157,58822,전라남도 신안군 상촌길 74
32158,58823,전라남도 신안군 조천길 124
32159,58824,전라남도 신안군 동서길 9
32160,58825,전라남도 신안군 용강길 12
32161,58826,전라남도 신안군 가란길 165
32162,58827,전라남도 신안군 압해로 417
32163,58828,전라남도 신안군 사월포길 193
32164,58829,전라남도 신안군 고장길 10
32165,58830,전라남도 신안군 두봉길 10
32166,58831,전라남도 신안군 자은서부1길 333
32167,58832,전라남도 신안군 당사도길 136
32168,58833,전라남도 신안군 박달로 61
32169,58834,전라남도 신안군 중부로 2057
32170,58835,전라남도 신안군 도창리길 35
32171,58836,전라남도 신안군 중부로 1839
32172,58837,전라남도 신안군 삼층석탑길 405
32173,58838,전라남도 신안군 중부로 1211
32174,58839,전라남도 신안군 내호길 245
32175,58840,전라남도 신안군 안좌남부길 588
32176,58841,전라남도 신안군 재섬길 33
32177,58842,전라남도 신안군 자라도길 16
32178,58843,전라남도 신안군 첫마을길 105
32179,58844,전라남도 신안군 서남문로 235
32180,58845,전라남도 신안군 수림길 74
32181,58846,전라남도 신안군 서산길 100
32182,58847,전라남도 신안군 가는목길 84
32183,58848,전라남도 신안군 노대도길 48
32184,58849,전라남도 신안군 김영춘길 2
32185,58850,전라남도 신안군 고란길 256
32186,58851,전라남도 신안군 서남문로 1459
32187,58852,전라남도 신안군 도초월포길 162
32188,58853,전라남도 신안군 우이진리길 41
32189,58854,전라남도 신안군 신도길 30
32190,58855,전라남도 신안군 덕봉길 18
32191,58856,전라남도 신안군 하의로 162
32192,58857,전라남도 신안군 신의고사길 29
32193,58858,전라남도 신안군 신의로 459
32194,58859,전라남도 신안군 비소팽나루길 161
32195,58860,전라남도 신안군 장산로 14
32196,58861,전라남도 신안군 마진도길 52
32197,58862,전라남도 신안군 홍도2길 79
32198,58863,전라남도 신안군 다물도길 33
32199,58864,전라남도 신안군 중태도길 4
32200,58865,전라남도 신안군 만재도길 36
32201,58866,전라남도 신안군 가거도길 18
32202,58900,전라남도 진도군 무조길 17
32203,58901,전라남도 진도군 용인길 20
32204,58902,전라남도 진도군 진도대로 7959
32205,58903,전라남도 진도군 세등길 67
32206,58904,전라남도 진도군 가흥로 521
32207,58905,전라남도 진도군 월가길 55
32208,58906,전라남도 진도군 내동길 28
32209,58907,전라남도 진도군 황조길 100
32210,58908,전라남도 진도군 오하길 7
32211,58909,전라남도 진도군 오일시2길 107
32212,58910,전라남도 진도군 모사길 89
32213,58911,전라남도 진도군 가계길 93
32214,58912,전라남도 진도군 송현길 7
32215,58913,전라남도 진도군 교동5길 12
32216,58914,전라남도 진도군 교동3길 30
32217,58915,전라남도 진도군 군강공원길 23
32218,58916,전라남도 진도군 성북길 31
32219,58917,전라남도 진도군 동문길 21
32220,58918,전라남도 진도군 동외4길 117
32221,58919,전라남도 진도군 동외4길 12
32222,58920,전라남도 진도군 동문길 18
32223,58921,전라남도 진도군 남동2길 12
32224,58922,전라남도 진도군 남동1길 12
32225,58923,전라남도 진도군 남문길 34
32226,58924,전라남도 진도군 동외2길 7
32227,58925,전라남도 진도군 동외1길 11
32228,58926,전라남도 진도군 남동1길 54
32229,58927,전라남도 진도군 남산로 138
32230,58928,전라남도 진도군 남산1길 15
32231,58929,전라남도 진도군 청룡안길 126
32232,58930,전라남도 진도군 외산월길 48
32233,58931,전라남도 진도군 매향동길 28
32234,58932,전라남도 진도군 포서2길 26
32235,58933,전라남도 진도군 죽엽돈지로 602
32236,58934,전라남도 진도군 운림산방로 299
32237,58935,전라남도 진도군 진도대로 2408
32238,58936,전라남도 진도군 모도길 13
32239,58937,전라남도 진도군 만길안길 54
32240,58938,전라남도 진도군 진도대로 2692
32241,58939,전라남도 진도군 구자도1길 19
32242,58940,전라남도 진도군 상미길 10
32243,58941,전라남도 진도군 고산길 20
32244,58942,전라남도 진도군 진도대로 5833
32245,58943,전라남도 진도군 임회신동길 40
32246,58944,전라남도 진도군 아리랑길 248
32247,58945,전라남도 진도군 남선길 74
32248,58946,전라남도 진도군 거제길 82
32249,58947,전라남도 진도군 하고야길 28
32250,58948,전라남도 진도군 하보전길 24
32251,58949,전라남도 진도군 참전복로 688
32252,58950,전라남도 진도군 인지독치2길 7
32253,58951,전라남도 진도군 지산오류길 11
32254,58952,전라남도 진도군 봉암로 63
32255,58953,전라남도 진도군 가사도돌목길 166
32256,58954,전라남도 진도군 맹성길 13
32257,58955,전라남도 진도군 내병도길 7
32258,58956,전라남도 진도군 관사도관작길 42
32259,58957,전라남도 진도군 독거도길 26
32260,58958,전라남도 진도군 관매도길 78
32261,59000,전라남도 해남군 구림길 18
32262,59001,전라남도 해남군 저상길 105
32263,59002,전라남도 해남군 청용길 15
32264,59003,전라남도 해남군 고당길 35
32265,59004,전라남도 해남군 문내화원로 17
32266,59005,전라남도 해남군 목삼길 1
32267,59006,전라남도 해남군 명량로 1142
32268,59007,전라남도 해남군 신성길 175
32269,59008,전라남도 해남군 명량로 1745
32270,59009,전라남도 해남군 징의길 27
32271,59010,전라남도 해남군 솔라시도빛길 246
32272,59011,전라남도 해남군 지사길 16
32273,59012,전라남도 해남군 덕호길 76
32274,59013,전라남도 해남군 부동길 595
32275,59014,전라남도 해남군 구성길 16
32276,59015,전라남도 해남군 금호제길 64
32277,59016,전라남도 해남군 원항길 49
32278,59017,전라남도 해남군 가학길 56
32279,59018,전라남도 해남군 강절길 91
32280,59019,전라남도 해남군 신평길 32
32281,59020,전라남도 해남군 노하길 30
32282,59021,전라남도 해남군 성산길 36
32283,59022,전라남도 해남군 동리길 67
32284,59023,전라남도 해남군 명량로 2951
32285,59024,전라남도 해남군 해남로 160
32286,59025,전라남도 해남군 군청길 54
32287,59026,전라남도 해남군 북부순환로 73
32288,59027,전라남도 해남군 해남로 11
32289,59028,전라남도 해남군 땅끝마을길 111
32290,59029,전라남도 해남군 북부순환로 157
32291,59030,전라남도 해남군 서림길 7
32292,59031,전라남도 해남군 중앙1로 433
32294,59033,전라남도 해남군 남부길 71
32295,59034,전라남도 해남군 남동천길 72
32296,59035,전라남도 해남군 서초길 59
32297,59036,전라남도 해남군 읍내길 15
32298,59037,전라남도 해남군 행운길 22
32299,59038,전라남도 해남군 남부순환로 59
32300,59039,전라남도 해남군 동초길 69
32301,59040,전라남도 해남군 중앙2로 117
32302,59041,전라남도 해남군 중앙2로 84
32303,59042,전라남도 해남군 중앙2로 151
32304,59043,전라남도 해남군 홍교로 123
32305,59044,전라남도 해남군 땅끝대로 45
32306,59045,전라남도 해남군 기동길 214
32307,59046,전라남도 해남군 봉학길 13
32308,59047,전라남도 해남군 용전큰길 24
32309,59048,전라남도 해남군 해남화산로 464
32310,59049,전라남도 해남군 가좌길 18
32311,59050,전라남도 해남군 백도로 939
32312,59051,전라남도 해남군 월성길 16
32313,59052,전라남도 해남군 원동길 38
32314,59053,전라남도 해남군 갈두길 174
32315,59054,전라남도 해남군 동해길 43
32316,59055,전라남도 해남군 땅끝해안로 4141
32317,59056,전라남도 해남군 서홍원길 49
32318,59057,전라남도 해남군 영전길 99
32319,59058,전라남도 해남군 고현길 29
32320,59059,전라남도 해남군 장등길 120
32321,59060,전라남도 해남군 입제길 40
32322,59061,전라남도 해남군 현산북평로 735
32323,59062,전라남도 해남군 독고개길 126
32324,59063,전라남도 해남군 땅끝해안로 788
32325,59064,전라남도 해남군 마봉길 86
32326,59065,전라남도 해남군 땅끝마을길 71
32327,59066,전라남도 해남군 땅끝해안로 2796
32328,59067,전라남도 해남군 미황사길 55
32329,59100,전라남도 완도군 청해진북로 160
32330,59101,전라남도 완도군 원동1길 80
32331,59102,전라남도 완도군 고마도길 110
32332,59103,전라남도 완도군 영흥길 30
32333,59104,전라남도 완도군 청해진로 1263
32334,59105,전라남도 완도군 청해진북로 26
32335,59106,전라남도 완도군 당인2길 19
32336,59107,전라남도 완도군 대신길 16
32337,59108,전라남도 완도군 농공단지3길 45
32338,59109,전라남도 완도군 소가용길 14
32339,59110,전라남도 완도군 정도길 54
32340,59111,전라남도 완도군 군내길 123
32341,59112,전라남도 완도군 청해진서로 5
32342,59113,전라남도 완도군 개포로 100
32343,59114,전라남도 완도군 개포로 154
32344,59115,전라남도 완도군 개포로 137
32345,59116,전라남도 완도군 개포로177번길 10
32346,59117,전라남도 완도군 해변공원로 24
32347,59118,전라남도 완도군 개포로 172
32348,59119,전라남도 완도군 장보고대로 188
32349,59120,전라남도 완도군 개포로 46
32350,59121,전라남도 완도군 주도길 32
32351,59122,전라남도 완도군 청해진남로 22
32352,59123,전라남도 완도군 군내길 3
32353,59124,전라남도 완도군 군내길 58
32354,59125,전라남도 완도군 중앙길 36
32355,59126,전라남도 완도군 중앙길 57
32356,59127,전라남도 완도군 백일도길 80
32357,59128,전라남도 완도군 교성47번길 12
32358,59129,전라남도 완도군 고금서로474번길 15
32359,59130,전라남도 완도군 백운길 88
32360,59131,전라남도 완도군 부곡길 42
32361,59132,전라남도 완도군 고금동로647번길 10
32362,59133,전라남도 완도군 고금넙도길 2
32363,59134,전라남도 완도군 관산길 164
32364,59135,전라남도 완도군 여동길 19
32365,59136,전라남도 완도군 약산일주로550번길 87
32366,59137,전라남도 완도군 가학안골길 6
32367,59138,전라남도 완도군 신평길 171
32368,59139,전라남도 완도군 일정1길 55
32369,59140,전라남도 완도군 구동길 10
32370,59141,전라남도 완도군 신평1길 17
32371,59142,전라남도 완도군 용항길 210
32372,59143,전라남도 완도군 동백2길 12
32373,59144,전라남도 완도군 생일로 1217
32374,59145,전라남도 완도군 덕우도길 48
32375,59146,전라남도 완도군 한들길 3
32376,59147,전라남도 완도군 신지신기길 71
32377,59148,전라남도 완도군 신지동고1길 15
32378,59149,전라남도 완도군 청산로 952
32379,59150,전라남도 완도군 당리1길 8
32380,59151,전라남도 완도군 도락길 42
32381,59152,전라남도 완도군 대모도길 392
32382,59153,전라남도 완도군 횡간도53번길 6
32383,59154,전라남도 완도군 미라20번길 30
32384,59155,전라남도 완도군 노화로 405
32385,59156,전라남도 완도군 노화서로 108
32386,59157,전라남도 완도군 노화로 613
32387,59158,전라남도 완도군 이포길 27
32388,59159,전라남도 완도군 넙도길 82
32389,59160,전라남도 완도군 보길로 1172
32390,59161,전라남도 완도군 동백길 161
32391,59162,전라남도 완도군 예송2길 10
32392,59163,전라남도 완도군 백도길 33
32393,59164,전라남도 완도군 소안북로 139
32394,59165,전라남도 완도군 소안로 263
32395,59166,전라남도 완도군 당사도길 17
32396,59167,전라남도 완도군 토도길 8
32397,59168,전라남도 완도군 서화도길 2
32398,59169,전라남도 완도군 황제도길 38
32399,59170,전라남도 완도군 대장구도길 8
32400,59200,전라남도 강진군 달빛한옥길 46
32401,59201,전라남도 강진군 두원길 31
32402,59202,전라남도 강진군 달마지길 30
32403,59203,전라남도 강진군 송계로 863
32404,59204,전라남도 강진군 오산길 27
32405,59205,전라남도 강진군 금당길 39
32406,59206,전라남도 강진군 도림로 39
32407,59207,전라남도 강진군 사동길 32
32408,59208,전라남도 강진군 옴천중앙로 89
32409,59209,전라남도 강진군 상림길 23
32410,59210,전라남도 강진군 상고길 34
32411,59211,전라남도 강진군 까치내로 1001
32412,59212,전라남도 강진군 사문로 380
32413,59213,전라남도 강진군 까치내로 919
32414,59214,전라남도 강진군 한골목길 14
32415,59215,전라남도 강진군 장강로 832
32416,59216,전라남도 강진군 작천부흥길 42
32417,59217,전라남도 강진군 중당2길 24
32418,59218,전라남도 강진군 화방로 138
32419,59219,전라남도 강진군 진흥로 547
32420,59220,전라남도 강진군 군동금강길 53
32421,59221,전라남도 강진군 생동길 50
32422,59222,전라남도 강진군 원교촌길 10
32423,59223,전라남도 강진군 종합운동장길 58
32424,59224,전라남도 강진군 진흥로 173
32425,59225,전라남도 강진군 탐진로 166
32426,59226,전라남도 강진군 보은로3길 78
32427,59227,전라남도 강진군 고성길 233
32428,59228,전라남도 강진군 보은로3길 95
32429,59229,전라남도 강진군 남문길 15
32430,59230,전라남도 강진군 보은로3길 40
32431,59231,전라남도 강진군 동명3길 13
32432,59232,전라남도 강진군 보은로 143
32433,59233,전라남도 강진군 영랑로1길 5
32434,59234,전라남도 강진군 보은로 85
32435,59235,전라남도 강진군 탐진로 98
32436,59236,전라남도 강진군 신성길 20
32437,59237,전라남도 강진군 중앙로 45
32438,59238,전라남도 강진군 평동1길 7
32439,59239,전라남도 강진군 남당로 29
32440,59240,전라남도 강진군 보은로 136
32441,59241,전라남도 강진군 남포길 56
32442,59242,전라남도 강진군 초동길 2
32443,59243,전라남도 강진군 해강로 1426
32444,59244,전라남도 강진군 솔치로 12
32445,59245,전라남도 강진군 지전로 104
32446,59246,전라남도 강진군 지석로 704
32447,59247,전라남도 강진군 영파길 219
32448,59248,전라남도 강진군 덕남로 156
32449,59249,전라남도 강진군 해강로 686
32450,59250,전라남도 강진군 봉황로 605
32451,59251,전라남도 강진군 용암길 21
32452,59252,전라남도 강진군 신전대월길 45
32453,59253,전라남도 강진군 신전로 667
32454,59254,전라남도 강진군 대벌길 3
32455,59255,전라남도 강진군 청자로 373
32456,59256,전라남도 강진군 덕마길 1
32457,59257,전라남도 강진군 덕천2길 39
32458,59258,전라남도 강진군 목암길 139
32459,59259,전라남도 강진군 동백로 133
32460,59260,전라남도 강진군 덕동안길 11
32461,59261,전라남도 강진군 영동1길 182
32462,59262,전라남도 강진군 장포길 42
32463,59263,전라남도 강진군 미산길 19
32464,59264,전라남도 강진군 계율길 25
32465,59265,전라남도 강진군 마량영동로 172
32466,59266,전라남도 강진군 남호길 82
32467,59267,전라남도 강진군 마량공단길 20
32468,59268,전라남도 강진군 마량영동로 44
32469,59269,전라남도 강진군 마량3길 55
32470,59300,전라남도 장흥군 암천길 20
32471,59301,전라남도 장흥군 장흥대로 5486
32472,59302,전라남도 장흥군 자미1길 150
32473,59303,전라남도 장흥군 석정길 67
32474,59304,전라남도 장흥군 임리어곡길 130
32475,59305,전라남도 장흥군 진곡길 176
32476,59306,전라남도 장흥군 광평길 31
32477,59307,전라남도 장흥군 원촌길 115
32478,59308,전라남도 장흥군 흥성로 963
32480,59310,전라남도 장흥군 금장길 92
32481,59311,전라남도 장흥군 사안2길 10
32482,59312,전라남도 장흥군 연산2길 69
32483,59313,전라남도 장흥군 행원강변길 20
32484,59314,전라남도 장흥군 관덕길 72
32485,59315,전라남도 장흥군 금산신기길 112
32486,59316,전라남도 장흥군 월평화산길 110
32487,59317,전라남도 장흥군 학사길 13
32488,59318,전라남도 장흥군 흥성로 184
32489,59319,전라남도 장흥군 제암산길 13
32490,59320,전라남도 장흥군 동교로 58
32491,59321,전라남도 장흥군 북부로 34
32492,59322,전라남도 장흥군 장흥로 71
32493,59323,전라남도 장흥군 못골길 11
32494,59324,전라남도 장흥군 중앙로1길 3
32495,59325,전라남도 장흥군 동부로 66
32496,59326,전라남도 장흥군 흥성로 28
32497,59327,전라남도 장흥군 장흥대로 3492
32498,59328,전라남도 장흥군 장흥로 17
32499,59329,전라남도 장흥군 동교로 71
32500,59330,전라남도 장흥군 성안길 2
32501,59331,전라남도 장흥군 칠거리예양로 81
32502,59332,전라남도 장흥군 칠거리예양로 16
32503,59333,전라남도 장흥군 충열교촌길 8
32504,59334,전라남도 장흥군 신남외3길 4
32505,59335,전라남도 장흥군 매밖골길 84
32506,59336,전라남도 장흥군 송산길 47
32507,59337,전라남도 장흥군 우드랜드길 132
32508,59338,전라남도 장흥군 동계길 31
32509,59339,전라남도 장흥군 수락길 148
32510,59340,전라남도 장흥군 율산밤나무길 3
32511,59341,전라남도 장흥군 목단길 90
32512,59342,전라남도 장흥군 차동길 8
32513,59343,전라남도 장흥군 죽교상하발로 776
32514,59344,전라남도 장흥군 유동상금길 35
32515,59345,전라남도 장흥군 접정남포로 12
32516,59346,전라남도 장흥군 옥당신촌길 3
32517,59347,전라남도 장흥군 외학2길 21
32518,59348,전라남도 장흥군 관산로 40
32519,59349,전라남도 장흥군 옥동2길 12
32520,59350,전라남도 장흥군 옥산길 34
32521,59351,전라남도 장흥군 관산우회로 120
32522,59352,전라남도 장흥군 오산1길 2
32523,59353,전라남도 장흥군 장흥대로 1287
32524,59354,전라남도 장흥군 장흥대로 1645
32525,59355,전라남도 장흥군 죽교상하발로 362
32526,59356,전라남도 장흥군 장환길 4
32527,59357,전라남도 장흥군 우산도2길 73
32528,59358,전라남도 장흥군 회진로 818
32529,59359,전라남도 장흥군 덕산1길 39
32530,59360,전라남도 장흥군 회진로 286
32531,59361,전라남도 장흥군 가학회진로 510
32532,59362,전라남도 장흥군 월정2길 30
32533,59363,전라남도 장흥군 대대로 915
32534,59364,전라남도 장흥군 영보길 8
32535,59365,전라남도 장흥군 대대로 966
32536,59366,전라남도 장흥군 도청신월로 15
32537,59400,전라남도 보성군 덕치길 169
32538,59401,전라남도 보성군 모후로 47
32539,59402,전라남도 보성군 동소산길 677
32540,59403,전라남도 보성군 시천길 49
32541,59404,전라남도 보성군 동교길 178
32542,59405,전라남도 보성군 복내선돌길 104
32543,59406,전라남도 보성군 복내월평길 35
32544,59407,전라남도 보성군 죽포길 60
32545,59408,전라남도 보성군 배실길 90
32546,59409,전라남도 보성군 율어로 452
32547,59410,전라남도 보성군 석천길 24
32548,59411,전라남도 보성군 충의로 2486
32549,59412,전라남도 보성군 금곡길 56
32550,59413,전라남도 보성군 행정길 19
32551,59414,전라남도 보성군 박강길 66
32552,59415,전라남도 보성군 고읍1길 20
32553,59416,전라남도 보성군 징광길 481
32554,59417,전라남도 보성군 월정길 140
32555,59418,전라남도 보성군 연산길 23
32556,59419,전라남도 보성군 장호길 229
32557,59420,전라남도 보성군 대포길 57
32558,59421,전라남도 보성군 지주길 24
32559,59422,전라남도 보성군 조정래길 141
32560,59423,전라남도 보성군 벌교상고길 18
32561,59424,전라남도 보성군 태백산맥길 46
32562,59425,전라남도 보성군 월곡길 1
32563,59426,전라남도 보성군 홍암로 192
32564,59427,전라남도 보성군 채동선로 218
32565,59428,전라남도 보성군 월곡길 36
32566,59429,전라남도 보성군 원동길 100
32567,59430,전라남도 보성군 장좌길 21
32568,59431,전라남도 보성군 남하로 11
32569,59432,전라남도 보성군 녹색로 4561
32570,59433,전라남도 보성군 조성덕촌길 73
32571,59434,전라남도 보성군 대보둑로 460
32572,59435,전라남도 보성군 고내길 68
32573,59436,전라남도 보성군 개울고개길 261
32574,59437,전라남도 보성군 충의로 1771
32575,59438,전라남도 보성군 충의로 1445
32576,59439,전라남도 보성군 중산길 44
32577,59440,전라남도 보성군 수당길 18
32578,59441,전라남도 보성군 사월1길 79
32579,59442,전라남도 보성군 미력중촌길 53
32581,59444,전라남도 보성군 거석길 196
32582,59445,전라남도 보성군 평동로 1073
32583,59446,전라남도 보성군 강산1길 41
32584,59447,전라남도 보성군 재궁해경길 218
32585,59448,전라남도 보성군 녹차로 1181
32586,59449,전라남도 보성군 녹동길 33
32587,59450,전라남도 보성군 채석길 39
32589,59452,전라남도 보성군 주봉길 100
32590,59453,전라남도 보성군 송재로 245
32591,59454,전라남도 보성군 현충로 188
32592,59455,전라남도 보성군 송재로 214
32593,59456,전라남도 보성군 현충로 57
32594,59457,전라남도 보성군 신흥길 3
32595,59458,전라남도 보성군 현충로 92
32596,59459,전라남도 보성군 흥성로 2541
32597,59460,전라남도 보성군 보성옥평길 44
32598,59461,전라남도 보성군 중앙로 15
32599,59462,전라남도 보성군 현촌길 34
32600,59463,전라남도 보성군 봉화로 122
32601,59464,전라남도 보성군 흥성로 2269
32602,59465,전라남도 보성군 흥성로 2232
32603,59466,전라남도 보성군 공룡로 1288
32604,59467,전라남도 보성군 공룡로 665
32605,59468,전라남도 보성군 공룡로 512
32606,59469,전라남도 보성군 충의로 710
32607,59470,전라남도 보성군 회천군지길 11
32608,59471,전라남도 보성군 우암길 92
32609,59472,전라남도 보성군 이문길 57
32610,59473,전라남도 보성군 시장길 28
32611,59474,전라남도 보성군 일림산길 119
32612,59475,전라남도 보성군 군학길 14
32613,59500,전라남도 고흥군 동강덕촌길 37
32614,59501,전라남도 고흥군 대강사동길 53
32615,59502,전라남도 고흥군 고흥로 4141
32616,59503,전라남도 고흥군 원오수길 52
32617,59504,전라남도 고흥군 남양덕흥길 8
32618,59505,전라남도 고흥군 고흥로 3718
32619,59506,전라남도 고흥군 금곡길 14
32620,59507,전라남도 고흥군 봉두로 625
32621,59508,전라남도 고흥군 화천길 86
32622,59509,전라남도 고흥군 도야1길 70
32623,59510,전라남도 고흥군 백일길 331
32624,59511,전라남도 고흥군 고흥로 2995
32625,59512,전라남도 고흥군 과역로 500
32626,59513,전라남도 고흥군 대덕길 58
32627,59514,전라남도 고흥군 예골길 31
32628,59515,전라남도 고흥군 금성1길 36
32629,59516,전라남도 고흥군 고흥로 2450
32630,59517,전라남도 고흥군 용두큰똠길 8
32631,59518,전라남도 고흥군 고분개길 6
32632,59519,전라남도 고흥군 천사로 354
32633,59520,전라남도 고흥군 사도중앙길 8
32634,59521,전라남도 고흥군 해맞이로 620
32635,59522,전라남도 고흥군 우주로 472
32636,59523,전라남도 고흥군 상오길 84
32637,59524,전라남도 고흥군 우주로 627
32638,59525,전라남도 고흥군 봉동역터길 55
32639,59526,전라남도 고흥군 원세동길 58
32640,59527,전라남도 고흥군 천마로 3508
32641,59528,전라남도 고흥군 중산길 45
32642,59529,전라남도 고흥군 천마로 2196
32643,59530,전라남도 고흥군 구암로 226
32644,59531,전라남도 고흥군 땅끝로 903
32645,59532,전라남도 고흥군 유동길 32
32646,59533,전라남도 고흥군 흥양길 114
32647,59534,전라남도 고흥군 서문여산길 4
32648,59535,전라남도 고흥군 후동길 39
32649,59536,전라남도 고흥군 송곡길 57
32650,59537,전라남도 고흥군 고흥로 1874
32651,59538,전라남도 고흥군 홍교길 3
32652,59539,전라남도 고흥군 서문여산길 25
32653,59540,전라남도 고흥군 두원로 5
32654,59541,전라남도 고흥군 성촌2길 39
32655,59542,전라남도 고흥군 등암3길 64
32656,59543,전라남도 고흥군 고흥군청로 33
32657,59544,전라남도 고흥군 호천길 67
32658,59545,전라남도 고흥군 고흥만로 195
32659,59546,전라남도 고흥군 도촌길 60
32660,59547,전라남도 고흥군 봉성길 26
32661,59548,전라남도 고흥군 고옥2길 57
32662,59549,전라남도 고흥군 보천길 47
32663,59550,전라남도 고흥군 백석길 177
32664,59551,전라남도 고흥군 상하길 150
32665,59552,전라남도 고흥군 차경구렁목길 177
32666,59553,전라남도 고흥군 대봉문화의길 106
32667,59554,전라남도 고흥군 비봉뚝길 42
32668,59555,전라남도 고흥군 천마로 20
32669,59556,전라남도 고흥군 목넘가는길 71
32670,59557,전라남도 고흥군 비봉로 152
32671,59558,전라남도 고흥군 동두메2길 12
32672,59559,전라남도 고흥군 녹동2길 24
32673,59560,전라남도 고흥군 우주항공로 16
32674,59561,전라남도 고흥군 공회당길 191
32675,59562,전라남도 고흥군 소록선창길 89
32676,59563,전라남도 고흥군 시산살푸섬길 10
32677,59564,전라남도 고흥군 상하촌안길 20
32678,59565,전라남도 고흥군 금성길 409
32679,59566,전라남도 고흥군 청석길 13
32680,59567,전라남도 고흥군 덕흥음쪽길 242
32681,59568,전라남도 고흥군 사양선창길 139
32682,59569,전라남도 고흥군 동광비치길 70
32683,59570,전라남도 고흥군 내교길 18
32684,59571,전라남도 고흥군 창포길 113
32685,59572,전라남도 고흥군 호산로 341
32686,59600,전라남도 여수시 산수봉두2길 32
32687,59601,전라남도 여수시 월평길 16
32688,59602,전라남도 여수시 율촌산단6로 124
32689,59603,전라남도 여수시 가장문화길 9
32690,59604,전라남도 여수시 모래목길 90
32691,59605,전라남도 여수시 여순로 284
32692,59606,전라남도 여수시 피득촌길 1
32693,59607,전라남도 여수시 궁항길 127
32694,59608,전라남도 여수시 당촌길 57
32695,59609,전라남도 여수시 마전길 30
32696,59610,전라남도 여수시 여수산단4로 219
32697,59611,전라남도 여수시 여수산단3로 117
32698,59612,전라남도 여수시 여수산단로 554
32701,59615,전라남도 여수시 중흥4로 23
32702,59616,전라남도 여수시 여수산단로 285
32703,59617,전라남도 여수시 묘도3길 33
32704,59618,전라남도 여수시 상암로 830
32705,59619,전라남도 여수시 상암로 850
32706,59620,전라남도 여수시 신덕2길 70
32707,59621,전라남도 여수시 망양로 455
32708,59622,전라남도 여수시 만흥4길 7
32709,59623,전라남도 여수시 만성로 312
32710,59624,전라남도 여수시 양지3길 3
32711,59625,전라남도 여수시 용수길 29
32712,59626,전라남도 여수시 대학로 50
32713,59627,전라남도 여수시 대학로 48
32714,59628,전라남도 여수시 양지1길 6
32715,59629,전라남도 여수시 미평10길 10
32716,59630,전라남도 여수시 만성로 158
32717,59631,전라남도 여수시 봉계2길 40
32718,59632,전라남도 여수시 상암로 25
32720,59634,전라남도 여수시 가곡길 62
32721,59635,전라남도 여수시 좌수영로 641
32722,59636,전라남도 여수시 덕양로 207
32723,59637,전라남도 여수시 대통2길 59
32724,59638,전라남도 여수시 무선로 265
32725,59639,전라남도 여수시 성산4길 9
32726,59640,전라남도 여수시 무선로 187
32727,59641,전라남도 여수시 무선3길 18
32728,59642,전라남도 여수시 성산6길 30
32729,59643,전라남도 여수시 화산1길 56
32730,59644,전라남도 여수시 도원로 135
32731,59645,전라남도 여수시 선원2길 40
32732,59646,전라남도 여수시 선원4길 3
32733,59647,전라남도 여수시 무선로 27
32734,59648,전라남도 여수시 서부로 390
32735,59649,전라남도 여수시 상세동길 73
32736,59650,전라남도 여수시 마파지길 10
32737,59651,전라남도 여수시 풀성골길 13
32738,59652,전라남도 여수시 석교로 117
32739,59653,전라남도 여수시 화서로 735
32740,59654,전라남도 여수시 서부로 37
32741,59655,전라남도 여수시 죽림3길 15
32742,59656,전라남도 여수시 화양로 1886
32743,59657,전라남도 여수시 소호관기로 142
32744,59658,전라남도 여수시 창무2길 41
32745,59659,전라남도 여수시 고내1길 1
32746,59660,전라남도 여수시 안심산길 60
32747,59661,전라남도 여수시 도원로 136
32748,59662,전라남도 여수시 소호로 637
32749,59663,전라남도 여수시 장성1길 44
32750,59664,전라남도 여수시 안산1길 49
32751,59665,전라남도 여수시 소호2길 5
32752,59666,전라남도 여수시 소호5길 6
32753,59667,전라남도 여수시 소호로 449
32754,59668,전라남도 여수시 소호6길 36
32755,59669,전라남도 여수시 소호로 399
32756,59670,전라남도 여수시 소호12길 15
32757,59671,전라남도 여수시 학동북4길 29
32758,59672,전라남도 여수시 도원로 233
32759,59673,전라남도 여수시 학동서2길 7
32760,59674,전라남도 여수시 시청서1길 6
32761,59675,전라남도 여수시 시청로 1
32762,59676,전라남도 여수시 시청로 6
32763,59677,전라남도 여수시 시청로 30
32764,59678,전라남도 여수시 원학동길 31
32765,59679,전라남도 여수시 흥국로 29
32766,59680,전라남도 여수시 신기북3길 9
32767,59681,전라남도 여수시 신기북5길 5
32768,59682,전라남도 여수시 쌍봉로 177
32769,59683,전라남도 여수시 여천체육공원길 33
32770,59684,전라남도 여수시 여천체육공원길 52
32771,59685,전라남도 여수시 시전6길 24
32772,59686,전라남도 여수시 흥국로 96
32773,59687,전라남도 여수시 선소로 80
32774,59688,전라남도 여수시 선소로 72
32775,59689,전라남도 여수시 시청동1길 29
32776,59690,전라남도 여수시 선소마을길 33
32777,59691,전라남도 여수시 예울마루로 100
32778,59692,전라남도 여수시 웅천남1로 100
32779,59693,전라남도 여수시 웅천북2로 81
32780,59694,전라남도 여수시 신월로 239
32781,59695,전라남도 여수시 좌수영로 509
32783,59697,전라남도 여수시 둔덕3길 15
32784,59698,전라남도 여수시 좌수영로 369
32785,59699,전라남도 여수시 문수북4길 20
32786,59700,전라남도 여수시 문수2길 13
32787,59701,전라남도 여수시 여문1로 90
32788,59702,전라남도 여수시 문수4길 6
32789,59703,전라남도 여수시 문수5길 12
32790,59704,전라남도 여수시 허문정1길 51
32791,59705,전라남도 여수시 여서로 118
32792,59706,전라남도 여수시 문수로 14
32793,59707,전라남도 여수시 여서로 181
32794,59708,전라남도 여수시 문수로 76
32795,59709,전라남도 여수시 여문1로 31
32796,59710,전라남도 여수시 여문1로 27
32797,59711,전라남도 여수시 여서동3길 26
32798,59712,전라남도 여수시 여서1로 104
32799,59713,전라남도 여수시 문수로 84
32800,59714,전라남도 여수시 문수북5길 33
32801,59715,전라남도 여수시 내동길 49
32802,59716,전라남도 여수시 장군산길 42
32803,59717,전라남도 여수시 광무북1길 12
32804,59718,전라남도 여수시 광무3길 44
32805,59719,전라남도 여수시 광무남2길 12
32806,59720,전라남도 여수시 여서동7길 31
32807,59721,전라남도 여수시 대치1길 21
32808,59722,전라남도 여수시 충민공원길 49
32809,59723,전라남도 여수시 오동도로 61
32810,59724,전라남도 여수시 공화북4길 24
32811,59725,전라남도 여수시 덕충2길 32
32812,59726,전라남도 여수시 공화북2길 24
32813,59727,전라남도 여수시 연등7길 46
32814,59728,전라남도 여수시 군자5길 8
32815,59729,전라남도 여수시 진남로 133
32816,59730,전라남도 여수시 동헌길 8
32817,59731,전라남도 여수시 진남상가길 20
32818,59732,전라남도 여수시 통제영2길 7
32819,59733,전라남도 여수시 충무1길 7
32820,59734,전라남도 여수시 교동시장1길 27
32821,59735,전라남도 여수시 교동남2길 2
32822,59736,전라남도 여수시 진남상가길 33
32823,59737,전라남도 여수시 동문로 10
32824,59738,전라남도 여수시 고소1길 53
32825,59739,전라남도 여수시 고소4길 4
32826,59740,전라남도 여수시 하멜로 22
32827,59741,전라남도 여수시 동문로 52
32828,59742,전라남도 여수시 관문6길 10
32829,59743,전라남도 여수시 공화남1길 20
32830,59744,전라남도 여수시 공화남3길 5
32831,59745,전라남도 여수시 이순신광장로 266
32832,59746,전라남도 여수시 하멜로 55
32833,59747,전라남도 여수시 신월5길 16
32834,59748,전라남도 여수시 구봉산길 51
32835,59749,전라남도 여수시 봉강서3길 34
32836,59750,전라남도 여수시 좌수영로 25
32837,59751,전라남도 여수시 서교7길 42
32838,59752,전라남도 여수시 서교6길 8
32839,59753,전라남도 여수시 남산북8길 8
32840,59754,전라남도 여수시 남산북3길 10
32841,59755,전라남도 여수시 봉강2길 28
32842,59756,전라남도 여수시 구봉산길 46
32843,59757,전라남도 여수시 국동2길 6
32844,59758,전라남도 여수시 신월로 655
32845,59759,전라남도 여수시 구봉길 31
32846,59760,전라남도 여수시 어항단지로 42
32847,59761,전라남도 여수시 신월로 668
32848,59762,전라남도 여수시 봉산남4길 23
32849,59763,전라남도 여수시 봉산1로 42
32850,59764,전라남도 여수시 봉산2로 6
32851,59765,전라남도 여수시 어항단지로 116
32852,59766,전라남도 여수시 대경도길 73
32853,59767,전라남도 여수시 진두해안길 48
32854,59768,전라남도 여수시 우두3길 37
32855,59769,전라남도 여수시 강남8길 6
32856,59770,전라남도 여수시 상하동길 268
32857,59771,전라남도 여수시 마상포길 32
32858,59772,전라남도 여수시 평사로 548
32859,59773,전라남도 여수시 계동로 171
32860,59774,전라남도 여수시 계동로 238
32861,59775,전라남도 여수시 서기동길 10
32862,59776,전라남도 여수시 평사로 128
32863,59777,전라남도 여수시 방답길 55
32864,59778,전라남도 여수시 향일암로 719
32865,59779,전라남도 여수시 안포나진로 594
32866,59780,전라남도 여수시 화양로 35
32867,59781,전라남도 여수시 규포안길 1
32868,59782,전라남도 여수시 백야등대길 5
32869,59783,전라남도 여수시 신흥길 56
32870,59784,전라남도 여수시 나발도길 16
32871,59785,전라남도 여수시 초포길 24
32872,59786,전라남도 여수시 우두로 242
32873,59787,전라남도 여수시 연도길 248
32874,59788,전라남도 여수시 광도길 29
32875,59789,전라남도 여수시 진막안길 6
32876,59790,전라남도 여수시 삼호교길 11
32877,59791,전라남도 여수시 상하동길 164
32878,59792,전라남도 여수시 웅천남8로 24
32879,61000,광주광역시 북구 삼소로 437
32880,61001,광주광역시 북구 용산마을길 117
32881,61002,광주광역시 북구 용산마을길 37
32882,61003,광주광역시 북구 첨단벤처소로37번길 60
32885,61006,광주광역시 북구 앰코로 100
32886,61007,광주광역시 북구 첨단벤처소로62번길 13
32887,61008,광주광역시 북구 추암로 143
32889,61010,광주광역시 북구 앰코로 70
32890,61011,광주광역시 북구 첨단과기로208번길 43
32891,61012,광주광역시 북구 첨단과기로208번길 50
32892,61013,광주광역시 북구 신용산길 148
32893,61014,광주광역시 북구 하서로 553
32894,61015,광주광역시 북구 용두마을길 10
32895,61016,광주광역시 북구 복룡길 75
32896,61017,광주광역시 북구 임방울대로1041번길 62
32897,61018,광주광역시 북구 임방울대로 1039
32898,61019,광주광역시 북구 하서로 477
32899,61020,광주광역시 북구 본촌택지로29번길 20
32900,61021,광주광역시 북구 양산택지로79번길 26
32901,61022,광주광역시 북구 상촌로31번길 12
32902,61023,광주광역시 북구 상촌로31번길 25
32903,61024,광주광역시 북구 양산로 45
32904,61025,광주광역시 북구 양산로71번길 5
32905,61026,광주광역시 북구 양산택지소로 20
32906,61027,광주광역시 북구 본촌마을길 279
32907,61028,광주광역시 북구 우치로 649
32908,61029,광주광역시 북구 우치로 587
32909,61030,광주광역시 북구 일곡택지로 17
32910,61031,광주광역시 북구 설죽로 620
32911,61032,광주광역시 북구 일곡마을로 225
32912,61033,광주광역시 북구 소해로 94
32913,61034,광주광역시 북구 소해로 38
32914,61035,광주광역시 북구 일곡마을로 130
32915,61036,광주광역시 북구 설죽로 555
32916,61037,광주광역시 북구 일곡마을로 234
32917,61038,광주광역시 북구 설죽로 535
32918,61039,광주광역시 북구 일곡마을로116번길 8
32919,61040,광주광역시 북구 양일로 313
32920,61041,광주광역시 북구 설죽로 518
32921,61042,광주광역시 북구 생용길 37
32922,61043,광주광역시 북구 용강길 236
32923,61044,광주광역시 북구 수곡마을로 13
32924,61045,광주광역시 북구 장운길 334
32925,61046,광주광역시 북구 용호천변길 28
32926,61047,광주광역시 북구 우치로 376
32927,61048,광주광역시 북구 오문로 203
32928,61049,광주광역시 북구 송해로 21
32929,61050,광주광역시 북구 우치로383번길 3
32930,61051,광주광역시 북구 우치로 345
32931,61052,광주광역시 북구 안산로 65
32932,61053,광주광역시 북구 우치로311번길 7
32933,61054,광주광역시 북구 우치로257번길 20
32934,61055,광주광역시 북구 서하로183번길 23
32935,61056,광주광역시 북구 양일로 190
32936,61057,광주광역시 북구 설죽로471번길 38
32937,61058,광주광역시 북구 설죽로 407
32938,61059,광주광역시 북구 설죽로355번길 32
32939,61060,광주광역시 북구 매곡로 117
32940,61061,광주광역시 북구 하백로46번길 10
32941,61062,광주광역시 북구 설죽로315번길 14
32942,61063,광주광역시 북구 설죽로279번길 24
32943,61064,광주광역시 북구 서하로 88
32944,61065,광주광역시 북구 서하로 48
32945,61066,광주광역시 북구 하서로 110
32946,61067,광주광역시 북구 하서로 196
32947,61068,광주광역시 북구 하서로 344
32948,61069,광주광역시 북구 양일로 137
32949,61070,광주광역시 북구 양일로 159
32950,61071,광주광역시 북구 양산택지로37번길 5
32951,61072,광주광역시 북구 양산택지로 32
32952,61073,광주광역시 북구 임방울대로1042번길 14
32953,61074,광주광역시 북구 하서로 393
32954,61075,광주광역시 북구 연양로7번길 51
32955,61076,광주광역시 북구 연양로28번길 22
32956,61077,광주광역시 북구 하서로 349
32957,61078,광주광역시 북구 양산제로137번길 3
32958,61079,광주광역시 북구 빛고을대로 466
32959,61080,광주광역시 북구 첨단연신로30번길 33
32960,61081,광주광역시 북구 하서로 299
32961,61082,광주광역시 북구 양일로 51
32962,61083,광주광역시 북구 양산제로 3
32963,61084,광주광역시 북구 첨단연신로 218
32964,61085,광주광역시 북구 첨단연신로108번길 31
32965,61086,광주광역시 북구 첨단연신로133번길 32
32966,61087,광주광역시 북구 첨단연신로107번길 33
32967,61088,광주광역시 북구 첨단연신로288번길 48
32968,61089,광주광역시 북구 첨단연신로77번길 13
32969,61090,광주광역시 북구 양일로 10
32970,61091,광주광역시 북구 양일로 76
32971,61092,광주광역시 북구 하서로229번길 33
32972,61093,광주광역시 북구 하서로 209
32973,61094,광주광역시 북구 하남대로 535
32974,61095,광주광역시 북구 북문대로242번길 46
32975,61096,광주광역시 북구 북문대로 234
32976,61097,광주광역시 북구 북문대로 200
32977,61098,광주광역시 북구 서강로 155
32978,61099,광주광역시 북구 하서로 55
32979,61100,광주광역시 북구 북문대로98번길 20
32980,61101,광주광역시 북구 서강로 150
32981,61102,광주광역시 북구 북문대로 182
32982,61103,광주광역시 북구 북문대로98번길 5
32983,61104,광주광역시 북구 하서로 88
32984,61105,광주광역시 북구 비엔날레로 143
32985,61106,광주광역시 북구 저불로70번길 6
32986,61107,광주광역시 북구 비엔날레로 146
32987,61108,광주광역시 북구 용봉택지로13번길 23
32988,61109,광주광역시 북구 용봉택지로 77
32989,61110,광주광역시 북구 운용로95번길 17
32990,61111,광주광역시 북구 운용로 96
32991,61112,광주광역시 북구 설죽로 143
32992,61113,광주광역시 북구 청계로 21
32993,61114,광주광역시 북구 용봉택지로 46
32994,61115,광주광역시 북구 용봉택지로 10
32995,61116,광주광역시 북구 북문대로 50
32996,61117,광주광역시 북구 금호로 91
32997,61118,광주광역시 북구 서암대로17번길 3
32998,61119,광주광역시 북구 서하로 176
32999,61120,광주광역시 북구 우치로 235
33000,61121,광주광역시 북구 우치로274번길 49
33001,61122,광주광역시 북구 오산정길 16
33002,61123,광주광역시 북구 송월로58번길 8
33003,61124,광주광역시 북구 대천로139번길 56
33004,61125,광주광역시 북구 대천로139번길 8
33005,61126,광주광역시 북구 문산로 77
33006,61127,광주광역시 북구 부남길26번길 21
33007,61128,광주광역시 북구 부남길8번길 15
33008,61129,광주광역시 북구 대천로 140
33010,61131,광주광역시 북구 천지인로105번길 9
33011,61132,광주광역시 북구 능안로12번길 47
33012,61133,광주광역시 북구 대천로 124
33013,61134,광주광역시 북구 서하로 420
33014,61135,광주광역시 북구 동문대로249번길 7
33015,61136,광주광역시 북구 서하로455번길 14
33016,61137,광주광역시 북구 동문대로266번길 43
33017,61138,광주광역시 북구 동문대로266번길 38
33018,61139,광주광역시 북구 각화대로 47
33019,61140,광주광역시 북구 경열사길 46
33020,61141,광주광역시 북구 동문대로 345
33021,61142,광주광역시 북구 각화대로 103
33022,61143,광주광역시 북구 무진성길 143
33023,61144,광주광역시 북구 등촌길76번길 22
33024,61145,광주광역시 북구 덕의길127번길 32
33025,61146,광주광역시 북구 충효샘길 26
33026,61147,광주광역시 북구 송강로 287
33027,61148,광주광역시 북구 무등로 1054
33028,61149,광주광역시 북구 각화대로 62
33029,61150,광주광역시 북구 각화대로 94
33030,61151,광주광역시 북구 월동로 83
33031,61152,광주광역시 북구 군왕로168번길 5
33032,61153,광주광역시 북구 월동로 46
33033,61154,광주광역시 북구 삼정로 106
33034,61155,광주광역시 북구 참판로 180
33035,61156,광주광역시 북구 참판로 136
33036,61157,광주광역시 북구 삼정로 127
33037,61158,광주광역시 북구 삼정로66번길 32
33038,61159,광주광역시 북구 삼정로 4
33039,61160,광주광역시 북구 탁영로15번길 16
33040,61161,광주광역시 북구 밤실로 200
33041,61162,광주광역시 북구 참판로 84
33042,61163,광주광역시 북구 군왕로46번길 52
33043,61164,광주광역시 북구 필문대로105번길 9
33044,61165,광주광역시 북구 동문대로216번길 30
33045,61166,광주광역시 북구 군왕로193번길 26
33046,61167,광주광역시 북구 면앙로185번길 14
33047,61168,광주광역시 북구 동문대로180번길 5
33048,61169,광주광역시 북구 면앙로121번길 91
33049,61170,광주광역시 북구 문화소통로302번길 68
33050,61171,광주광역시 북구 면앙로139번길 40
33051,61172,광주광역시 북구 평교로29번길 11
33052,61173,광주광역시 북구 우치로186번길 7
33053,61174,광주광역시 북구 면앙로31번길 1
33054,61175,광주광역시 북구 면앙로31번길 2
33055,61176,광주광역시 북구 중문로 81
33056,61177,광주광역시 북구 문화소통로 71
33057,61178,광주광역시 북구 설죽로 238
33058,61179,광주광역시 북구 문화소통로108번길 53
33059,61180,광주광역시 북구 용주로40번길 28
33060,61181,광주광역시 북구 반룡로17번길 5
33061,61182,광주광역시 북구 반룡로41번길 28
33062,61183,광주광역시 북구 설죽로214번길 97
33063,61184,광주광역시 북구 반룡로6번길 12
33064,61185,광주광역시 북구 설죽로148번길 71
33065,61186,광주광역시 북구 용봉로 33
33066,61187,광주광역시 북구 용봉로 111
33067,61188,광주광역시 북구 면앙로32번길 25
33068,61189,광주광역시 북구 호동로63번길 29
33069,61190,광주광역시 북구 호동로46번길 5
33070,61191,광주광역시 북구 감적길 21
33071,61192,광주광역시 북구 중문로20번길 59
33072,61193,광주광역시 북구 중문로 32
33073,61194,광주광역시 북구 동문대로85번길 35
33074,61195,광주광역시 북구 동문대로112번길 107
33075,61196,광주광역시 북구 군왕로 151
33076,61197,광주광역시 북구 군왕로117번길 19
33077,61198,광주광역시 북구 서방로135번길 58
33078,61199,광주광역시 북구 군왕로117번길 105
33079,61200,광주광역시 북구 동문대로 74
33080,61201,광주광역시 북구 군왕로61번길 5
33081,61202,광주광역시 북구 두방길 85
33082,61203,광주광역시 북구 필문대로 63
33083,61204,광주광역시 북구 필문대로 55
33084,61205,광주광역시 북구 두방길32번길 47
33085,61206,광주광역시 북구 필문대로11번길 4
33086,61207,광주광역시 북구 서방로 2
33087,61208,광주광역시 북구 서방로40번길 3
33088,61209,광주광역시 북구 동문대로 69
33089,61210,광주광역시 북구 서양로 155
33090,61211,광주광역시 북구 향토문화로12번길 35
33091,61212,광주광역시 북구 서양로 113
33092,61213,광주광역시 북구 당뫼로 13
33093,61214,광주광역시 북구 서암대로289번길 20
33094,61215,광주광역시 북구 서암대로305번길 35
33095,61216,광주광역시 북구 자미로 68
33096,61217,광주광역시 북구 용봉로138번길 69
33097,61218,광주광역시 북구 서암대로 213
33098,61219,광주광역시 북구 자미로 42
33099,61220,광주광역시 북구 서암대로131번길 5
33100,61221,광주광역시 북구 서암대로30번길 19
33101,61222,광주광역시 북구 서암대로 86
33102,61223,광주광역시 북구 서암대로132번길 11
33103,61224,광주광역시 북구 자미로23번길 13
33104,61225,광주광역시 북구 서암대로 180
33105,61226,광주광역시 북구 무등로 235
33106,61227,광주광역시 북구 서암대로 286
33107,61228,광주광역시 북구 독립로367번길 40
33108,61229,광주광역시 북구 자미로6번길 13
33109,61230,광주광역시 북구 들자미길 104
33110,61231,광주광역시 북구 자산로 23
33111,61232,광주광역시 북구 운신남길 308
33112,61233,광주광역시 북구 운신남길 212
33113,61234,광주광역시 북구 제봉로 306
33114,61235,광주광역시 북구 독립로 329
33115,61236,광주광역시 북구 독립로 291
33116,61237,광주광역시 북구 제봉로 323
33117,61238,광주광역시 북구 중가로65번길 5
33118,61239,광주광역시 북구 금재로73번길 25
33119,61240,광주광역시 북구 금재로36번길 77
33120,61241,광주광역시 북구 독립로237번길 33
33121,61242,광주광역시 북구 임동로 5
33122,61243,광주광역시 북구 경양로 68
33123,61244,광주광역시 북구 자동차로 22
33124,61245,광주광역시 북구 경열로233번길 47
33125,61246,광주광역시 북구 중가로 54
33126,61247,광주광역시 북구 금남로 77
33127,61248,광주광역시 북구 서림로81번길 45
33128,61249,광주광역시 북구 중흥로 45
33129,61250,광주광역시 북구 무등로 192
33132,61253,광주광역시 북구 서림로 24
33133,61254,광주광역시 북구 천변우로 81
33134,61255,광주광역시 북구 죽봉대로 188
33135,61256,광주광역시 북구 대자실로 20
33136,61257,광주광역시 북구 서강로 78
33137,61258,광주광역시 북구 서강로54번길 30
33138,61259,광주광역시 북구 대자로 5
33139,61260,광주광역시 북구 황계로 34
33140,61261,광주광역시 북구 북문대로49번길 13
33141,61262,광주광역시 북구 대자로 36
33142,61263,광주광역시 북구 천변우하로 583
33143,61264,광주광역시 북구 하남대로 727
33144,61265,광주광역시 북구 북문대로 249
33145,61266,광주광역시 북구 북문대로201번길 10
33146,61267,광주광역시 북구 북문대로169번길 20
33147,61268,광주광역시 북구 북문대로 141
33148,61269,광주광역시 북구 동운로 123
33149,61270,광주광역시 북구 운암산길 48
33150,61271,광주광역시 북구 유림로 175
33151,61272,광주광역시 북구 하남대로 639
33152,61273,광주광역시 북구 하남대로 681
33153,61400,광주광역시 동구 독립로376번길 16
33154,61401,광주광역시 동구 무등로307번길 10
33155,61402,광주광역시 동구 무등로375번길 23
33156,61403,광주광역시 동구 무등로375번길 15
33157,61404,광주광역시 동구 필문대로 52
33158,61405,광주광역시 동구 참판로 12
33159,61406,광주광역시 동구 무등로 417
33160,61407,광주광역시 동구 필문대로137번길 5
33161,61408,광주광역시 동구 밤실로 121
33162,61409,광주광역시 동구 갈마로 68
33163,61410,광주광역시 동구 무등로 533
33164,61411,광주광역시 동구 필문대로159번길 17
33165,61412,광주광역시 동구 중앙로 326
33166,61413,광주광역시 동구 중앙로272번길 2
33167,61414,광주광역시 동구 동계로 61
33168,61415,광주광역시 동구 계림로20번길 11
33169,61416,광주광역시 동구 동계로 38
33170,61417,광주광역시 동구 무등로384번길 9
33171,61418,광주광역시 동구 경양로379번길 19
33172,61419,광주광역시 동구 중흥로213번길 16
33173,61420,광주광역시 동구 중흥로241번길 5
33174,61421,광주광역시 동구 무등로306번길 29
33175,61422,광주광역시 동구 구성로 261
33176,61423,광주광역시 동구 경양로277번길 26
33177,61424,광주광역시 동구 독립로 310
33178,61425,광주광역시 동구 구성로 229
33179,61426,광주광역시 동구 제봉로 210
33180,61427,광주광역시 동구 제봉로184번길 1
33181,61428,광주광역시 동구 중앙로 243
33182,61429,광주광역시 동구 동계천로95번길 33
33183,61430,광주광역시 동구 동계로 3
33184,61431,광주광역시 동구 제봉로158번길 5
33185,61432,광주광역시 동구 동명로 43
33186,61433,광주광역시 동구 필문대로192번길 32
33187,61434,광주광역시 동구 동계천로 143
33188,61435,광주광역시 동구 동계천로 178
33189,61436,광주광역시 동구 장동로 23
33190,61437,광주광역시 동구 필문대로191번길 43
33191,61438,광주광역시 동구 무등로 532
33192,61439,광주광역시 동구 필문대로205번길 17
33193,61440,광주광역시 동구 지산로85번길 16
33194,61441,광주광역시 동구 밤실로23번길 7
33195,61442,광주광역시 동구 밤실로30번길 11
33196,61443,광주광역시 동구 지호로 91
33197,61444,광주광역시 동구 지산로56번길 16
33198,61445,광주광역시 동구 필문대로241번길 5
33199,61446,광주광역시 동구 무등로 548
33200,61447,광주광역시 동구 지호로 112
33201,61448,광주광역시 동구 필문대로263번길 15
33202,61449,광주광역시 동구 필문대로 277
33203,61450,광주광역시 동구 지산로38번길 11
33204,61451,광주광역시 동구 지호로52번길 11
33205,61452,광주광역시 동구 조선대길 146
33207,61454,광주광역시 동구 남문로724번길 40
33208,61455,광주광역시 동구 남문로753번길 20
33209,61456,광주광역시 동구 학동안길 31
33210,61457,광주광역시 동구 남문로724번길 12
33211,61458,광주광역시 동구 남문로693번길 22
33212,61459,광주광역시 동구 의재로 19
33213,61460,광주광역시 동구 의재로43번길 27
33214,61461,광주광역시 동구 의재로 83
33215,61462,광주광역시 동구 증심천로33번길 17
33216,61463,광주광역시 동구 의재로26번길 6
33217,61464,광주광역시 동구 남문로693번길 11
33218,61465,광주광역시 동구 제봉로82번길 13
33219,61466,광주광역시 동구 장동로 38
33220,61467,광주광역시 동구 백서로 216
33221,61468,광주광역시 동구 제봉로 64
33222,61469,광주광역시 동구 제봉로 42
33223,61470,광주광역시 동구 제봉로 211
33224,61471,광주광역시 동구 구성로 187
33225,61472,광주광역시 동구 중앙로 199
33226,61473,광주광역시 동구 제봉로 177
33227,61474,광주광역시 동구 제봉로 145
33228,61475,광주광역시 동구 중앙로 206
33229,61476,광주광역시 동구 금남로 168
33230,61477,광주광역시 동구 독립로226번길 21
33231,61478,광주광역시 동구 독립로226번길 16
33232,61479,광주광역시 동구 천변우로 361
33233,61480,광주광역시 동구 충장로46번길 18
33234,61481,광주광역시 동구 충장로 45
33235,61482,광주광역시 동구 금남로 248
33236,61483,광주광역시 동구 충장로 100
33237,61484,광주광역시 동구 서석로7번길 6
33238,61485,광주광역시 동구 문화전당로 38
33239,61486,광주광역시 동구 제봉로 51
33240,61487,광주광역시 동구 문화전당로35번길 12
33241,61488,광주광역시 동구 문화전당로35번길 20
33242,61489,광주광역시 동구 양림로115번길 3
33243,61490,광주광역시 동구 제봉로17번길 12
33244,61491,광주광역시 동구 의재로 111
33245,61492,광주광역시 동구 의재로 195
33246,61493,광주광역시 동구 성촌길11번길 14
33247,61494,광주광역시 동구 의재로 120
33248,61495,광주광역시 동구 소태길 76
33249,61496,광주광역시 동구 의재로96번길 24
33250,61497,광주광역시 동구 학소로 109
33251,61498,광주광역시 동구 남문로 646
33252,61499,광주광역시 동구 남문로 587
33253,61500,광주광역시 동구 지원로5번길 12
33254,61501,광주광역시 동구 지원로 35
33255,61502,광주광역시 동구 지원로 22
33256,61503,광주광역시 동구 소태길 16
33257,61504,광주광역시 동구 화산로 352
33258,61505,광주광역시 동구 소태길 22
33259,61506,광주광역시 동구 천변좌로604번안길 7
33260,61507,광주광역시 동구 천변좌로 682
33261,61508,광주광역시 동구 용산2로 20
33262,61509,광주광역시 동구 화산로350번길 10
33263,61510,광주광역시 동구 화산로238번길 18
33264,61511,광주광역시 동구 녹동길 45
33266,61513,광주광역시 동구 육판서길 180
33267,61514,광주광역시 동구 남계길 34
33268,61600,광주광역시 남구 군분로169번길 5
33269,61601,광주광역시 남구 군분로109번길 7
33270,61602,광주광역시 남구 군분로89번길 32
33271,61603,광주광역시 남구 봉주4길 25
33272,61604,광주광역시 남구 금화로394번길 30
33273,61605,광주광역시 남구 군분로65번길 9
33274,61606,광주광역시 남구 봉주1길 4
33275,61607,광주광역시 남구 군분로 17
33276,61608,광주광역시 남구 회재로1217번길 25
33277,61609,광주광역시 남구 회재로 1187
33278,61610,광주광역시 남구 대남대로 417
33279,61611,광주광역시 남구 군분로120번길 9
33280,61612,광주광역시 남구 군분로 104
33281,61613,광주광역시 남구 금화로422번길 27
33282,61614,광주광역시 남구 군분로66번길 12
33283,61615,광주광역시 남구 대남대로247번안길 36
33284,61616,광주광역시 남구 군분로 20
33285,61617,광주광역시 남구 대남대로390번길 4
33286,61618,광주광역시 남구 경열로54번길 28
33287,61619,광주광역시 남구 월산로151번길 2
33288,61620,광주광역시 남구 월산로77번길 15
33289,61621,광주광역시 남구 월광1길 38
33290,61622,광주광역시 남구 금화로456번길 5
33291,61623,광주광역시 남구 월광길 53
33292,61624,광주광역시 남구 월광길 6
33293,61625,광주광역시 남구 월광길 1
33294,61626,광주광역시 남구 구성로20번길 23
33295,61627,광주광역시 남구 구성로 28
33296,61628,광주광역시 남구 월산로116번길 20
33297,61629,광주광역시 남구 수원지길 19
33298,61630,광주광역시 남구 덕림남길 3
33299,61631,광주광역시 남구 독립로 163
33300,61632,광주광역시 남구 덕림1길 1
33301,61633,광주광역시 남구 월산로 94
33302,61634,광주광역시 남구 서동로 39
33303,61635,광주광역시 남구 거북언덕1길 7
33304,61636,광주광역시 남구 중앙로107번길 16
33305,61637,광주광역시 남구 서오층석탑길 13
33306,61638,광주광역시 남구 제중로 124
33307,61639,광주광역시 남구 천변좌로364번길 11
33308,61640,광주광역시 남구 사직길 17
33309,61641,광주광역시 남구 백운로 78
33310,61642,광주광역시 남구 제중로 111
33311,61643,광주광역시 남구 백운로 20
33312,61644,광주광역시 남구 백운로 56
33313,61645,광주광역시 남구 백운로75번나길 16
33314,61646,광주광역시 남구 백운로 83
33315,61647,광주광역시 남구 독립로 48
33316,61648,광주광역시 남구 백운로 47
33317,61649,광주광역시 남구 중앙로6번길 2
33318,61650,광주광역시 남구 독립로 61
33319,61651,광주광역시 남구 수박등로 8
33320,61652,광주광역시 남구 수박등로68번길 14
33321,61653,광주광역시 남구 회재로 1299
33322,61654,광주광역시 남구 수박등로6번길 31
33323,61655,광주광역시 남구 대남대로 274
33324,61656,광주광역시 남구 독립로 9
33325,61657,광주광역시 남구 독립로10번길 25
33326,61658,광주광역시 남구 진다리로40번길 10
33327,61659,광주광역시 남구 백양로39번길 10
33328,61660,광주광역시 남구 백양로7번길 3
33329,61661,광주광역시 남구 양림로 7
33330,61662,광주광역시 남구 양림로 95
33331,61663,광주광역시 남구 백양로 159
33332,61664,광주광역시 남구 백양로 81
33333,61665,광주광역시 남구 봉선중앙로134번길 32
33334,61666,광주광역시 남구 용대로183번안길 18
33335,61667,광주광역시 남구 방림로 15
33336,61668,광주광역시 남구 대남대로85번길 21
33337,61669,광주광역시 남구 용대로183번길 21
33338,61670,광주광역시 남구 대남대로117번길 21
33339,61671,광주광역시 남구 봉선중앙로82번길 13
33340,61672,광주광역시 남구 용대로 149
33341,61673,광주광역시 남구 용대로 131
33342,61674,광주광역시 남구 봉선1로 120
33343,61675,광주광역시 남구 봉선1로 64
33344,61676,광주광역시 남구 오방로 33
33345,61677,광주광역시 남구 방림로20번길 1
33346,61678,광주광역시 남구 천변좌로 522
33347,61679,광주광역시 남구 천변좌로574번안길 4
33348,61680,광주광역시 남구 서강사길 12
33349,61681,광주광역시 남구 오방로 33
33350,61682,광주광역시 남구 용대로74번안길 34
33351,61683,광주광역시 남구 봉선로121번길 2
33352,61684,광주광역시 남구 봉선중앙로 37
33353,61685,광주광역시 남구 봉선중앙로26번길 10
33354,61686,광주광역시 남구 봉선2로 90
33355,61687,광주광역시 남구 봉선로9번길 29
33356,61688,광주광역시 남구 봉선중앙로131번길 8
33357,61689,광주광역시 남구 봉선중앙로123번길 5
33358,61690,광주광역시 남구 봉선1로37번길 13
33359,61691,광주광역시 남구 봉선로51번길 17
33360,61692,광주광역시 남구 봉선로25번길 4
33361,61693,광주광역시 남구 봉선1로 3
33362,61694,광주광역시 남구 봉선1로47번길 8
33363,61695,광주광역시 남구 봉선1로36번길 9
33364,61696,광주광역시 남구 봉선2로 29
33365,61697,광주광역시 남구 서문대로824번길 3
33366,61698,광주광역시 남구 봉선로 44
33367,61699,광주광역시 남구 서문대로 776
33368,61700,광주광역시 남구 봉선로 88
33369,61701,광주광역시 남구 제석로 73
33370,61702,광주광역시 남구 제석로 104
33371,61703,광주광역시 남구 불로마을길 9
33372,61704,광주광역시 남구 봉선로 168
33373,61705,광주광역시 남구 용대로53번길 24
33374,61706,광주광역시 남구 용대로53번길 9
33375,61707,광주광역시 남구 제석로80번안길 26
33376,61708,광주광역시 남구 제석로80번길 14
33377,61709,광주광역시 남구 서문대로 722
33378,61710,광주광역시 남구 서문대로 662
33379,61711,광주광역시 남구 화산로 101
33380,61712,광주광역시 남구 화산로 53
33381,61713,광주광역시 남구 서문대로654번길 48
33382,61714,광주광역시 남구 화산로17번길 11
33383,61715,광주광역시 남구 진제길 9
33384,61716,광주광역시 남구 화산로 32
33385,61717,광주광역시 남구 회서로 45
33386,61718,광주광역시 남구 회재로 1228
33387,61719,광주광역시 남구 회재로 1242
33388,61720,광주광역시 남구 서문대로 819
33389,61721,광주광역시 남구 서문대로 781
33390,61722,광주광역시 남구 회서로52번길 21
33391,61723,광주광역시 남구 회서로 48
33392,61724,광주광역시 남구 금당로 98
33393,61725,광주광역시 남구 서문대로749번길 1
33394,61726,광주광역시 남구 서문대로749번가길 28
33395,61727,광주광역시 남구 서문대로 659
33396,61728,광주광역시 남구 금당로 6
33397,61729,광주광역시 남구 회재로1156번길 9
33398,61730,광주광역시 남구 회서로 6
33399,61731,광주광역시 남구 회재로1186번길 45
33400,61732,광주광역시 남구 광복마을6길 16
33401,61733,광주광역시 남구 서문대로749번마길 12
33402,61734,광주광역시 남구 광복마을4길 40
33403,61735,광주광역시 남구 금당로 71
33404,61736,광주광역시 남구 광복마을4길 23
33405,61737,광주광역시 남구 금당로2길 4
33406,61738,광주광역시 남구 송암로24번나길 32
33407,61739,광주광역시 남구 서문대로499번길 8
33408,61740,광주광역시 남구 송암로24번가길 18
33409,61741,광주광역시 남구 원효천길 48
33410,61742,광주광역시 남구 효덕로303번길 2
33411,61743,광주광역시 남구 효덕로 277
33412,61744,광주광역시 남구 효우로116번길 34
33413,61745,광주광역시 남구 효우로 74
33414,61746,광주광역시 남구 효우로 79
33415,61747,광주광역시 남구 노대마을4길 11
33416,61748,광주광역시 남구 덕남길 7
33417,61749,광주광역시 남구 도동길 160
33418,61750,광주광역시 남구 산남로 678
33419,61751,광주광역시 남구 압촌길 66
33420,61752,광주광역시 남구 포충로 701
33421,61753,광주광역시 남구 이동5길 19
33422,61754,광주광역시 남구 광곡마을길 104
33423,61755,광주광역시 남구 효천길 25
33424,61756,광주광역시 남구 송암로 73
33425,61757,광주광역시 남구 수춘길 27
33426,61758,광주광역시 남구 도금마을2길 8
33427,61759,광주광역시 남구 승촌7길 19
33428,61760,광주광역시 남구 신창길 138
33429,61761,광주광역시 남구 에너지밸리산업6로 4
33430,61762,광주광역시 남구 대지상촌길 18
33431,61763,광주광역시 남구 구소길 167
33432,61764,광주광역시 남구 효우로 260
33433,61765,광주광역시 남구 효우2로 48
33434,61766,광주광역시 남구 신효천1길 5
33435,61767,광주광역시 남구 도동길 148
33436,61768,광주광역시 남구 효우2로 65
33437,61900,광주광역시 서구 유덕로141번길 21
33438,61901,광주광역시 서구 무진대로 577
33439,61902,광주광역시 서구 동천로10번길 12
33440,61903,광주광역시 서구 하남대로 676
33441,61904,광주광역시 서구 동림2지구길 30
33442,61905,광주광역시 서구 유림로51번길 14
33443,61906,광주광역시 서구 칠성로 89
33444,61907,광주광역시 서구 천변좌하로548번길 11
33445,61908,광주광역시 서구 천변좌하로 598
33446,61909,광주광역시 서구 화운로 277
33447,61910,광주광역시 서구 상무버들로 38
33448,61911,광주광역시 서구 상무버들로53번길 4
33449,61912,광주광역시 서구 상무버들로 35
33450,61913,광주광역시 서구 광천효광길 6
33451,61914,광주광역시 서구 죽봉대로119번길 10
33452,61915,광주광역시 서구 죽봉대로111번길 3
33453,61916,광주광역시 서구 화운로 278
33454,61917,광주광역시 서구 죽봉대로 122
33455,61918,광주광역시 서구 천변좌로 86
33456,61919,광주광역시 서구 월산로 210
33457,61920,광주광역시 서구 월산로 266
33458,61921,광주광역시 서구 월산로 164
33459,61922,광주광역시 서구 상무대로1240번길 21
33460,61923,광주광역시 서구 천변좌로 186
33461,61924,광주광역시 서구 경열로146번길 7
33462,61925,광주광역시 서구 구성로 53
33463,61926,광주광역시 서구 독립로 198
33464,61927,광주광역시 서구 화정로309번길 9
33465,61928,광주광역시 서구 경열로17번길 9
33466,61929,광주광역시 서구 월산로 203
33467,61930,광주광역시 서구 월산로165번길 15
33468,61931,광주광역시 서구 화정로 314
33469,61932,광주광역시 서구 무진대로 976
33470,61933,광주광역시 서구 월산로 273
33471,61934,광주광역시 서구 죽봉대로22번길 17
33472,61935,광주광역시 서구 상무대로1147번길 16
33473,61936,광주광역시 서구 상무대로1189번길 23
33474,61937,광주광역시 서구 무진대로 932
33475,61938,광주광역시 서구 내방로343번길 8
33477,61940,광주광역시 서구 내방로161번길 5
33478,61941,광주광역시 서구 상일로 37
33479,61942,광주광역시 서구 상일로 42
33480,61943,광주광역시 서구 월드컵4강로 277
33481,61944,광주광역시 서구 천변좌하로 270
33483,61946,광주광역시 서구 시청로96번길 12
33484,61947,광주광역시 서구 상무중앙로 96
33485,61948,광주광역시 서구 시청로60번길 21
33487,61950,광주광역시 서구 치평로 80
33488,61951,광주광역시 서구 치평로 107
33489,61952,광주광역시 서구 상무공원로 92
33490,61953,광주광역시 서구 천변좌하로 142
33491,61954,광주광역시 서구 무진대로 468
33492,61955,광주광역시 서구 천변좌하로 61
33493,61956,광주광역시 서구 상무누리로 78
33494,61957,광주광역시 서구 치평로 15
33495,61958,광주광역시 서구 상무누리로 30
33496,61959,광주광역시 서구 상무평화로 64
33497,61960,광주광역시 서구 마륵로 90
33498,61961,광주광역시 서구 상무대로 777
33499,61962,광주광역시 서구 치평로 18
33500,61963,광주광역시 서구 상무대로 791
33501,61964,광주광역시 서구 상무대로 845
33502,61965,광주광역시 서구 상무민주로5번길 9
33503,61966,광주광역시 서구 상일로24번길 15
33504,61967,광주광역시 서구 상무대로955번길 36
33505,61968,광주광역시 서구 월드컵4강로197번길 17
33506,61969,광주광역시 서구 상무대로911번길 22
33507,61970,광주광역시 서구 상무민주로6번길 18
33508,61971,광주광역시 서구 월드컵4강로226번길 27
33509,61972,광주광역시 서구 화운로199번길 26
33510,61973,광주광역시 서구 월드컵4강로198번길 11
33511,61974,광주광역시 서구 월드컵4강로198번길 31
33512,61975,광주광역시 서구 화운로 163
33513,61976,광주광역시 서구 월드컵4강로 186
33514,61977,광주광역시 서구 화운로194번길 6
33515,61978,광주광역시 서구 죽봉대로 17
33516,61979,광주광역시 서구 상무대로 1089
33517,61980,광주광역시 서구 군분로229번길 6
33518,61981,광주광역시 서구 상무대로 1106
33519,61982,광주광역시 서구 화정로253번길 18
33520,61983,광주광역시 서구 대남대로461번길 3
33521,61984,광주광역시 서구 상무대로 996
33522,61985,광주광역시 서구 상무대로1014번길 43
33523,61986,광주광역시 서구 화정로 175
33524,61987,광주광역시 서구 화운로99번길 3
33525,61988,광주광역시 서구 화정로 211
33526,61989,광주광역시 서구 운천로172번길 17
33527,61990,광주광역시 서구 상무대로884번길 17
33528,61991,광주광역시 서구 화정로39번길 26
33529,61992,광주광역시 서구 화정로49번길 34
33530,61993,광주광역시 서구 쌍촌로48번길 16
33531,61994,광주광역시 서구 화정로85번길 17
33532,61995,광주광역시 서구 상무대로 980
33533,61996,광주광역시 서구 쌍촌로36번길 22
33534,61997,광주광역시 서구 화정로 107
33535,61998,광주광역시 서구 신기길 10
33536,61999,광주광역시 서구 월암신기길 35
33537,62000,광주광역시 서구 마륵벽진길 71
33538,62001,광주광역시 서구 금호운천길 51
33539,62002,광주광역시 서구 운천로91번길 12
33540,62003,광주광역시 서구 운천로 73
33541,62004,광주광역시 서구 금화로59번길 32
33542,62005,광주광역시 서구 운천로 41
33543,62006,광주광역시 서구 운천로17번길 4
33544,62007,광주광역시 서구 금호심곡길 8
33545,62008,광주광역시 서구 금호만호길 92
33546,62009,광주광역시 서구 서광주로 82
33547,62010,광주광역시 서구 월암신기길 10
33548,62011,광주광역시 서구 화개중앙로 69
33549,62012,광주광역시 서구 금화로 40
33550,62013,광주광역시 서구 풍금로 135
33551,62014,광주광역시 서구 풍금로151번길 6
33552,62015,광주광역시 서구 마재로 23
33553,62016,광주광역시 서구 마재로 65
33554,62017,광주광역시 서구 풍금로100번길 56
33555,62018,광주광역시 서구 풍금로 117
33556,62019,광주광역시 서구 화개1로 31
33557,62020,광주광역시 서구 화개중앙로 48
33558,62021,광주광역시 서구 화개2로9번길 23
33559,62022,광주광역시 서구 화개2로20번길 32
33560,62023,광주광역시 서구 운천로 124
33561,62024,광주광역시 서구 화정로 30
33562,62025,광주광역시 서구 화정로 116
33563,62026,광주광역시 서구 염화로 81
33564,62027,광주광역시 서구 월드컵4강로 27
33565,62028,광주광역시 서구 염화로57번길 4
33566,62029,광주광역시 서구 염화로45번길 13
33567,62030,광주광역시 서구 염화로40번길 20
33568,62031,광주광역시 서구 금화로149번길 16
33569,62032,광주광역시 서구 금부로 101
33570,62033,광주광역시 서구 운천로 58
33571,62034,광주광역시 서구 운천로 32
33572,62035,광주광역시 서구 금화로149번길 9
33573,62036,광주광역시 서구 금화로103번길 23
33574,62037,광주광역시 서구 화정로 156
33575,62038,광주광역시 서구 월드컵4강로68번길 28
33576,62039,광주광역시 서구 화정로 202
33577,62040,광주광역시 서구 염화로 138
33578,62041,광주광역시 서구 염화로134번길 16
33579,62042,광주광역시 서구 염화로 96
33580,62043,광주광역시 서구 금화로 293
33581,62044,광주광역시 서구 월드컵4강로28번길 50
33582,62045,광주광역시 서구 화운로 1
33583,62046,광주광역시 서구 화운로 36
33584,62047,광주광역시 서구 화정로 284
33585,62048,광주광역시 서구 월드컵동로 90
33586,62049,광주광역시 서구 회재로 912
33587,62050,광주광역시 서구 풍금로11번길 6
33588,62051,광주광역시 서구 풍금로 20
33589,62052,광주광역시 서구 송풍로7번길 16
33590,62053,광주광역시 서구 송풍로17번길 2
33591,62054,광주광역시 서구 풍암신흥로80번길 7
33592,62055,광주광역시 서구 송풍로16번길 8
33593,62056,광주광역시 서구 풍암순환로 20
33594,62057,광주광역시 서구 풍암1로 20
33595,62058,광주광역시 서구 풍암1로21번길 9
33596,62059,광주광역시 서구 풍암순환로 183
33597,62060,광주광역시 서구 풍암중앙로 83
33598,62061,광주광역시 서구 풍암중앙로82번길 25
33599,62062,광주광역시 서구 풍암중앙로 68
33600,62063,광주광역시 서구 풍암2로 26
33601,62064,광주광역시 서구 풍암1로 42
33602,62065,광주광역시 서구 풍암순환로 28
33603,62066,광주광역시 서구 풍암순환로 68
33604,62067,광주광역시 서구 풍암1로 53
33605,62068,광주광역시 서구 풍암2로57번길 12
33606,62069,광주광역시 서구 풍암순환로 114
33607,62070,광주광역시 서구 불암길 137
33609,62072,광주광역시 서구 매월1로49번길 16
33610,62073,광주광역시 서구 매월2로15번길 16
33611,62074,광주광역시 서구 풍서좌로 31
33612,62075,광주광역시 서구 송암로 138
33613,62076,광주광역시 서구 풍서좌로 443
33614,62077,광주광역시 서구 사동길 79
33615,62078,광주광역시 서구 용두길 138
33616,62200,광주광역시 광산구 임곡연계길 111
33617,62201,광주광역시 광산구 임곡가정길 63
33618,62202,광주광역시 광산구 원사호길 118
33619,62203,광주광역시 광산구 본량용강길 90
33620,62204,광주광역시 광산구 평촌길 20
33621,62205,광주광역시 광산구 본량동서로 180
33622,62206,광주광역시 광산구 임곡가정길 278
33623,62207,광주광역시 광산구 임곡로 359
33624,62208,광주광역시 광산구 본안길 28
33625,62209,광주광역시 광산구 손재로287번길 59
33626,62210,광주광역시 광산구 하남산단9번로 59
33627,62211,광주광역시 광산구 하남산단9번로 113
33628,62212,광주광역시 광산구 하남산단8번로 75
33629,62213,광주광역시 광산구 하남산단9번로 154
33630,62214,광주광역시 광산구 하남산단7번로 33
33631,62215,광주광역시 광산구 하남산단8번로 128
33632,62216,광주광역시 광산구 하남산단6번로 57
33633,62217,광주광역시 광산구 하남산단6번로 46
33634,62218,광주광역시 광산구 하남산단6번로 100
33635,62219,광주광역시 광산구 풍영로329번길 50
33636,62220,광주광역시 광산구 장덕로49번길 5
33637,62221,광주광역시 광산구 풍영로330번길 15
33638,62222,광주광역시 광산구 풍영로 300
33639,62223,광주광역시 광산구 장덕로40번길 14
33640,62224,광주광역시 광산구 장덕로96번길 16
33641,62225,광주광역시 광산구 풍영로200번길 21
33642,62226,광주광역시 광산구 장신로20번길 8
33643,62227,광주광역시 광산구 하남산단4번로 123
33645,62229,광주광역시 광산구 하남산단3번로 23
33646,62230,광주광역시 광산구 하남산단3번로 14
33647,62231,광주광역시 광산구 하남산단3번로 132
33648,62232,광주광역시 광산구 고봉로 147
33649,62233,광주광역시 광산구 고봉로 11
33650,62234,광주광역시 광산구 풍영로101번안길 11
33651,62235,광주광역시 광산구 비아로62번길 12
33652,62236,광주광역시 광산구 아산길13번길 2
33653,62237,광주광역시 광산구 비아로34번길 8
33654,62238,광주광역시 광산구 비아중앙로31번길 4
33655,62239,광주광역시 광산구 북문대로 833
33656,62240,광주광역시 광산구 비아동원촌길 19
33657,62241,광주광역시 광산구 사암로 881
33658,62242,광주광역시 광산구 하남산단천변우로 120
33659,62243,광주광역시 광산구 하남산단천변우로 34
33660,62244,광주광역시 광산구 도천남길 38
33661,62245,광주광역시 광산구 임방울대로 602
33662,62246,광주광역시 광산구 왕버들로 92
33663,62247,광주광역시 광산구 수완로105번길 20
33664,62248,광주광역시 광산구 수완로106번길 21
33665,62249,광주광역시 광산구 신창로 127
33666,62250,광주광역시 광산구 왕버들로252번길 10
33667,62251,광주광역시 광산구 신창로162번길 10
33668,62252,광주광역시 광산구 신창로106번길 15
33669,62253,광주광역시 광산구 첨단과기로 11
33670,62254,광주광역시 광산구 첨단과기로 104
33671,62255,광주광역시 광산구 첨단중앙로181번길 82
33672,62256,광주광역시 광산구 첨단중앙로181번길 104
33673,62257,광주광역시 광산구 임방울대로 673
33674,62258,광주광역시 광산구 임방울대로 727
33675,62259,광주광역시 광산구 임방울대로 743
33676,62260,광주광역시 광산구 월계로 117
33677,62261,광주광역시 광산구 월계로 117
33678,62262,광주광역시 광산구 첨단내촌로 83
33679,62263,광주광역시 광산구 월계로 59
33680,62264,광주광역시 광산구 월계로34번길 39
33681,62265,광주광역시 광산구 월계로16번길 78
33682,62266,광주광역시 광산구 첨단내촌로70번길 8
33683,62267,광주광역시 광산구 첨단내촌로70번길 72
33684,62268,광주광역시 광산구 산월로41번길 14
33685,62269,광주광역시 광산구 산월로21번길 15
33686,62270,광주광역시 광산구 첨단내촌로35번길 25
33687,62271,광주광역시 광산구 남부대길 11
33689,62273,광주광역시 광산구 북문대로 350
33690,62274,광주광역시 광산구 첨단중앙로152번길 31
33691,62275,광주광역시 광산구 임방울대로825번길 21
33692,62276,광주광역시 광산구 첨단중앙로124번길 37
33693,62277,광주광역시 광산구 월계로 195
33694,62278,광주광역시 광산구 임방울대로825번길 60
33695,62279,광주광역시 광산구 임방울대로826번길 7
33696,62280,광주광역시 광산구 첨단중앙로68번길 131
33697,62281,광주광역시 광산구 월계로 170
33698,62282,광주광역시 광산구 첨단중앙로68번길 100
33699,62283,광주광역시 광산구 첨단중앙로68번길 22
33700,62284,광주광역시 광산구 첨단월봉로 85
33701,62285,광주광역시 광산구 산월로 64
33702,62286,광주광역시 광산구 장신로 326
33703,62287,광주광역시 광산구 북문대로 389
33704,62288,광주광역시 광산구 북문대로 365
33705,62289,광주광역시 광산구 북문대로 341
33706,62290,광주광역시 광산구 북문대로 339
33707,62291,광주광역시 광산구 풍영정길 133
33708,62292,광주광역시 광산구 북문대로 363
33709,62293,광주광역시 광산구 신창로48번길 29
33710,62294,광주광역시 광산구 수등로258번길 74
33711,62295,광주광역시 광산구 수등로 261
33712,62296,광주광역시 광산구 신창로35번길 20
33713,62297,광주광역시 광산구 신창로35번길 80
33714,62298,광주광역시 광산구 신가삼효로 22
33715,62299,광주광역시 광산구 수등로258번길 13
33716,62300,광주광역시 광산구 목련로394번길 17
33717,62301,광주광역시 광산구 목련로382번안길 19
33718,62302,광주광역시 광산구 목련로 372
33719,62303,광주광역시 광산구 목련로381번길 27
33720,62304,광주광역시 광산구 수등로 204
33721,62305,광주광역시 광산구 수완로48번길 22
33722,62306,광주광역시 광산구 장신로 144
33723,62307,광주광역시 광산구 수등로123번길 21
33724,62308,광주광역시 광산구 수완로11번안길 3
33725,62309,광주광역시 광산구 신가로40번길 24
33726,62310,광주광역시 광산구 수등로 130
33727,62311,광주광역시 광산구 하남대로 289
33728,62312,광주광역시 광산구 하남대로 271
33729,62313,광주광역시 광산구 목련로273번안길 30
33730,62314,광주광역시 광산구 하남대로 330
33731,62315,광주광역시 광산구 목련로 301
33732,62316,광주광역시 광산구 목련로 316
33733,62317,광주광역시 광산구 목련로219번길 45
33734,62318,광주광역시 광산구 목련로 201
33735,62319,광주광역시 광산구 임방울대로 162
33736,62320,광주광역시 광산구 하남대로 248
33737,62321,광주광역시 광산구 하남대로261번길 27
33738,62322,광주광역시 광산구 수등로76번길 15
33739,62323,광주광역시 광산구 목련로153번길 134
33740,62324,광주광역시 광산구 임방울대로165번길 60
33741,62325,광주광역시 광산구 목련로153번길 76
33742,62326,광주광역시 광산구 목련로153번길 79
33743,62327,광주광역시 광산구 목련로 156
33744,62328,광주광역시 광산구 사암로390번길 13
33745,62329,광주광역시 광산구 목련로 123
33746,62330,광주광역시 광산구 산정공원로 106
33747,62331,광주광역시 광산구 사암로 379
33748,62332,광주광역시 광산구 산정공원로81번길 30
33749,62333,광주광역시 광산구 산정공원로60번길 13
33750,62334,광주광역시 광산구 산정공원로71번길 10
33751,62335,광주광역시 광산구 용아로379번길 49
33752,62336,광주광역시 광산구 하남대로54번안길 161
33753,62337,광주광역시 광산구 하남대로54번안길 56
33754,62338,광주광역시 광산구 손재로 19
33755,62339,광주광역시 광산구 손재로110번길 42
33756,62340,광주광역시 광산구 목련로 42
33757,62341,광주광역시 광산구 목련로2번길 29
33758,62342,광주광역시 광산구 용아로297번길 35
33759,62343,광주광역시 광산구 산정로62번길 20
33760,62344,광주광역시 광산구 산정로18번길 7
33761,62345,광주광역시 광산구 산정공원로50번길 13
33762,62346,광주광역시 광산구 사암로 275
33763,62347,광주광역시 광산구 월곡중앙로37번길 15
33764,62348,광주광역시 광산구 월곡중앙로13번길 8
33765,62349,광주광역시 광산구 월곡중앙로38번길 12
33766,62350,광주광역시 광산구 월곡중앙로 6
33767,62351,광주광역시 광산구 월곡로39번길 40
33768,62352,광주광역시 광산구 월곡로40번길 9
33769,62353,광주광역시 광산구 풍영철길로 20
33770,62354,광주광역시 광산구 월곡산정로 96
33771,62355,광주광역시 광산구 사암로216번길 38
33772,62356,광주광역시 광산구 월곡산정로 80
33773,62357,광주광역시 광산구 사암로 229
33774,62358,광주광역시 광산구 월곡산정로 12
33775,62359,광주광역시 광산구 용아로 211
33776,62360,광주광역시 광산구 임방울대로 1
33777,62361,광주광역시 광산구 상무대로419번길 161
33778,62362,광주광역시 광산구 상무대로 435
33779,62363,광주광역시 광산구 사암로171번길 98
33780,62364,광주광역시 광산구 무진대로 272
33781,62365,광주광역시 광산구 우산로95번길 50
33782,62366,광주광역시 광산구 우산로73번길 2
33783,62367,광주광역시 광산구 사암로 151
33784,62368,광주광역시 광산구 용아로 127
33785,62369,광주광역시 광산구 사암로130번길 35
33786,62370,광주광역시 광산구 사암로118번길 67
33787,62371,광주광역시 광산구 사암로106번길 137
33788,62372,광주광역시 광산구 사암로106번길 11
33789,62373,광주광역시 광산구 사암로92번길 26
33790,62374,광주광역시 광산구 사암로92번길 99
33791,62375,광주광역시 광산구 금봉로 113
33792,62376,광주광역시 광산구 사암로 24
33793,62377,광주광역시 광산구 금봉로44번길 39
33794,62378,광주광역시 광산구 사암로27번길 41
33795,62379,광주광역시 광산구 송정공원로 64
33796,62380,광주광역시 광산구 송정공원로46번길 14
33797,62381,광주광역시 광산구 어등대로647번길 58
33798,62382,광주광역시 광산구 소촌로 151
33799,62383,광주광역시 광산구 여대길 145
33800,62384,광주광역시 광산구 소촌로123번길 40
33801,62385,광주광역시 광산구 소촌로 138
33802,62386,광주광역시 광산구 소촌로85번길 40
33803,62387,광주광역시 광산구 소촌로86번길 20
33804,62388,광주광역시 광산구 소촌로 73
33805,62389,광주광역시 광산구 어등대로 649
33806,62390,광주광역시 광산구 어등대로595번길 2
33807,62391,광주광역시 광산구 선운중앙로 68
33808,62392,광주광역시 광산구 선암1로 7
33809,62393,광주광역시 광산구 평동로1120번길 70
33810,62394,광주광역시 광산구 고봉로 380
33811,62395,광주광역시 광산구 하남지실길 181
33812,62396,광주광역시 광산구 여대길 283
33813,62397,광주광역시 광산구 어등대로449번길 32
33814,62398,광주광역시 광산구 박호등임로 375
33815,62399,광주광역시 광산구 어등대로233번안길 42
33816,62400,광주광역시 광산구 어등대로 408
33817,62401,광주광역시 광산구 선운중앙로 43
33818,62402,광주광역시 광산구 선운로20번길 59
33819,62403,광주광역시 광산구 본량구룡길 119
33820,62404,광주광역시 광산구 본량신흥안길 16
33822,62406,광주광역시 광산구 삼도로 350
33823,62407,광주광역시 광산구 대산로 275
33824,62408,광주광역시 광산구 쌍내길 161
33825,62409,광주광역시 광산구 용동길23번길 41
33826,62410,광주광역시 광산구 송촌길79번길 97
33827,62411,광주광역시 광산구 평동산단1번로 111
33828,62412,광주광역시 광산구 평동산단3번로 187
33829,62413,광주광역시 광산구 평동산단1번로 15
33830,62414,광주광역시 광산구 평동산단1번로 42
33831,62415,광주광역시 광산구 평동산단2번로 69
33832,62416,광주광역시 광산구 평동로 831
33833,62417,광주광역시 광산구 평동산단로 246
33834,62418,광주광역시 광산구 평동로 870
33835,62419,광주광역시 광산구 평동산단7번로 128
33836,62420,광주광역시 광산구 평동로 737
33837,62421,광주광역시 광산구 상무대로263번길 17
33838,62422,광주광역시 광산구 광산로 71
33839,62423,광주광역시 광산구 광산로 105
33840,62424,광주광역시 광산구 광산로 96
33841,62425,광주광역시 광산구 송정외로 185
33842,62426,광주광역시 광산구 송도로320번길 32
33843,62427,광주광역시 광산구 광산로86번길 19
33844,62428,광주광역시 광산구 내상로15번안길 25
33845,62429,광주광역시 광산구 상무대로 249
33846,62430,광주광역시 광산구 송정로1번길 31
33847,62431,광주광역시 광산구 광산로56번길 24
33848,62432,광주광역시 광산구 송도로304번길 32
33849,62433,광주광역시 광산구 내상로 81
33850,62434,광주광역시 광산구 송정로65번길 16
33851,62435,광주광역시 광산구 송정로 31
33852,62436,광주광역시 광산구 송정로 29
33853,62437,광주광역시 광산구 도산로38번길 15
33854,62438,광주광역시 광산구 상무대로133번길 10
33855,62439,광주광역시 광산구 도산로39번길 11
33856,62440,광주광역시 광산구 송도로 221
33857,62441,광주광역시 광산구 송도로212번길 31
33858,62442,광주광역시 광산구 상도산길7번길 54
33859,62443,광주광역시 광산구 송도로208번길 10
33860,62444,광주광역시 광산구 송도로 173
33861,62445,광주광역시 광산구 송도로 168
33862,62446,광주광역시 광산구 송도로 138
33863,62447,광주광역시 광산구 원도산안길 42
33864,62448,광주광역시 광산구 도산로9번길 15
33865,62449,광주광역시 광산구 남동길30번길 9
33866,62450,광주광역시 광산구 송도로 105
33867,62451,광주광역시 광산구 상무대로 53
33869,62453,광주광역시 광산구 평동3차진입로 123
33870,62454,광주광역시 광산구 동곡로 326
33871,62455,광주광역시 광산구 팽호길 98
33872,62456,광주광역시 광산구 노안삼도로 983
33873,62457,광주광역시 광산구 평동연동길 31
33874,62458,광주광역시 광산구 명화평지길 266
33875,62459,광주광역시 광산구 동산길103번길 92
33877,62461,광주광역시 광산구 동곡로185번길 230
33878,62462,광주광역시 광산구 마곡길 23
33879,62463,광주광역시 광산구 임곡로 399
33880,62464,광주광역시 광산구 진곡산단5번로 1
33882,62466,광주광역시 광산구 평동산단9번로 30
33883,63000,제주특별자치도 제주시 대서5길 35
33884,63001,제주특별자치도 제주시 묵리1길 73
33885,63002,제주특별자치도 제주시 한원북길 24
33886,63003,제주특별자치도 제주시 일주서로 4394
33887,63004,제주특별자치도 제주시 낙산로 4
33888,63005,제주특별자치도 제주시 녹차분재로 685
33890,63007,제주특별자치도 제주시 중산간서로 3111
33891,63008,제주특별자치도 제주시 고산로8길 8
33892,63009,제주특별자치도 제주시 용수길 165
33893,63010,제주특별자치도 제주시 금능4길 12
33894,63011,제주특별자치도 제주시 한림로 389
33895,63012,제주특별자치도 제주시 옹포2길 37
33896,63013,제주특별자치도 제주시 한림상로 65
33897,63014,제주특별자치도 제주시 동명7길 26
33898,63015,제주특별자치도 제주시 협재로 237
33899,63016,제주특별자치도 제주시 금능남로 393
33900,63017,제주특별자치도 제주시 명월성로 661
33901,63018,제주특별자치도 제주시 상명북1길 42
33902,63019,제주특별자치도 제주시 금악로2길 35
33903,63020,제주특별자치도 제주시 금악남2길 121
33904,63021,제주특별자치도 제주시 한창로 1174
33905,63022,제주특별자치도 제주시 상대남길 17
33906,63023,제주특별자치도 제주시 한림해안로 321
33907,63024,제주특별자치도 제주시 귀덕6길 24
33908,63025,제주특별자치도 제주시 귀덕6길 167
33909,63026,제주특별자치도 제주시 대림안길 4
33910,63027,제주특별자치도 제주시 강구로 71
33911,63028,제주특별자치도 제주시 명랑남길 6
33912,63029,제주특별자치도 제주시 한림상로 155
33913,63030,제주특별자치도 제주시 대림4길 15
33914,63031,제주특별자치도 제주시 대림1길 7
33915,63032,제주특별자치도 제주시 한림남2길 8
33916,63033,제주특별자치도 제주시 비양도길 260
33917,63034,제주특별자치도 제주시 천덕로 134
33918,63035,제주특별자치도 제주시 납읍동1길 18
33919,63036,제주특별자치도 제주시 일주서로 6512
33920,63037,제주특별자치도 제주시 애원로 877
33921,63038,제주특별자치도 제주시 도치돌길 264
33922,63039,제주특별자치도 제주시 방축길 128
33923,63040,제주특별자치도 제주시 화전길 370
33924,63041,제주특별자치도 제주시 평화로 1738
33925,63042,제주특별자치도 제주시 상가목장길 34
33926,63043,제주특별자치도 제주시 애월로 89
33927,63044,제주특별자치도 제주시 애상로 207
33928,63045,제주특별자치도 제주시 고내로9길 16
33929,63046,제주특별자치도 제주시 고내로13길 79
33930,63047,제주특별자치도 제주시 중엄3길 32
33931,63048,제주특별자치도 제주시 중용길 6
33932,63049,제주특별자치도 제주시 구엄남길 17
33933,63050,제주특별자치도 제주시 번드르길 5
33934,63051,제주특별자치도 제주시 하귀로22길 23
33935,63052,제주특별자치도 제주시 하귀로15길 32
33936,63053,제주특별자치도 제주시 하귀12길 41
33937,63054,제주특별자치도 제주시 일주서로 7200
33938,63055,제주특별자치도 제주시 장유길 63
33939,63056,제주특별자치도 제주시 예원남1길 77
33940,63057,제주특별자치도 제주시 항몽로 278
33941,63058,제주특별자치도 제주시 고성서1길 34
33942,63059,제주특별자치도 제주시 고성북동길 33
33943,63060,제주특별자치도 제주시 광령자종길 1
33944,63061,제주특별자치도 제주시 애조로 650
33945,63062,제주특별자치도 제주시 고성10길 51
33946,63063,제주특별자치도 제주시 평화로 2715
33947,63064,제주특별자치도 제주시 산록서로 678
33948,63065,제주특별자치도 제주시 평화로 2556
33949,63066,제주특별자치도 제주시 평화로 2346
33950,63067,제주특별자치도 제주시 유수암평화길 11
33951,63068,제주특별자치도 제주시 일주서로 7371
33952,63069,제주특별자치도 제주시 우정로 2
33953,63070,제주특별자치도 제주시 우정로13길 5
33954,63071,제주특별자치도 제주시 월대4길 3
33955,63072,제주특별자치도 제주시 우평로 311
33956,63073,제주특별자치도 제주시 사라길 144
33957,63074,제주특별자치도 제주시 일주서로 7433
33958,63075,제주특별자치도 제주시 신산마을길 92
33959,63076,제주특별자치도 제주시 장군내길 68
33960,63077,제주특별자치도 제주시 주르레길 60
33961,63078,제주특별자치도 제주시 주르레길 21
33962,63079,제주특별자치도 제주시 1100로 3044
33963,63080,제주특별자치도 제주시 1100로 2558
33964,63081,제주특별자치도 제주시 원노형5길 21
33966,63083,제주특별자치도 제주시 노형11길 18
33967,63084,제주특별자치도 제주시 원노형6길 28
33968,63085,제주특별자치도 제주시 원노형로 81
33969,63086,제주특별자치도 제주시 과원북4길 17
33970,63087,제주특별자치도 제주시 진군1길 4
33971,63088,제주특별자치도 제주시 한라대학로 19
33972,63089,제주특별자치도 제주시 진군3길 15
33973,63090,제주특별자치도 제주시 과원북2길 24
33975,63092,제주특별자치도 제주시 수목원서길 79
33976,63093,제주특별자치도 제주시 월산남4길 11
33977,63094,제주특별자치도 제주시 오광로 137
33978,63095,제주특별자치도 제주시 월광로 149
33979,63096,제주특별자치도 제주시 월랑로12길 28
33980,63097,제주특별자치도 제주시 월랑로6길 26
33981,63098,제주특별자치도 제주시 월랑로2길 27
33982,63099,제주특별자치도 제주시 월랑로 5
33983,63100,제주특별자치도 제주시 월광로 140
33984,63101,제주특별자치도 제주시 정존5길 62
33985,63102,제주특별자치도 제주시 노형로 367
33986,63103,제주특별자치도 제주시 수덕9길 71
33987,63104,제주특별자치도 제주시 수덕로 66
33988,63105,제주특별자치도 제주시 광평길 3
33989,63106,제주특별자치도 제주시 오광로 126
33990,63107,제주특별자치도 제주시 월산북길 64
33991,63108,제주특별자치도 제주시 도공로 154
33992,63109,제주특별자치도 제주시 일주서로 7714
33993,63110,제주특별자치도 제주시 덕지4길 79
33994,63111,제주특별자치도 제주시 일주서로 7510
33995,63112,제주특별자치도 제주시 도리로 263
33996,63113,제주특별자치도 제주시 도공로 2
33997,63114,제주특별자치도 제주시 서해안로 456
33998,63115,제주특별자치도 제주시 서해안로 360
33999,63116,제주특별자치도 제주시 오일장동길 7
34000,63117,제주특별자치도 제주시 도령로 188
34001,63118,제주특별자치도 제주시 신광로1길 7
34002,63119,제주특별자치도 제주시 연삼로 52
34003,63120,제주특별자치도 제주시 귀아랑2길 33
34004,63121,제주특별자치도 제주시 선덕로3길 56
34005,63122,제주특별자치도 제주시 문송길 37
34006,63123,제주특별자치도 제주시 노연로 117
34007,63124,제주특별자치도 제주시 신대로14길 30
34008,63125,제주특별자치도 제주시 도령로 106
34009,63126,제주특별자치도 제주시 일주서로 7898
34010,63127,제주특별자치도 제주시 성신로 30
34011,63128,제주특별자치도 제주시 남녕로4길 46
34012,63129,제주특별자치도 제주시 신광로4길 27
34013,63130,제주특별자치도 제주시 신광로6길 38
34014,63131,제주특별자치도 제주시 제원3길 19
34015,63132,제주특별자치도 제주시 연동4길 16
34016,63133,제주특별자치도 제주시 사장1길 20
34017,63134,제주특별자치도 제주시 신대로 151
34018,63135,제주특별자치도 제주시 선덕로6길 27
34019,63136,제주특별자치도 제주시 연북로 99
34020,63137,제주특별자치도 제주시 연동4길 28
34021,63138,제주특별자치도 제주시 과원북4길 61
34022,63139,제주특별자치도 제주시 국기로1길 28
34023,63140,제주특별자치도 제주시 과원북2길 64
34024,63141,제주특별자치도 제주시 과원로 60
34025,63142,제주특별자치도 제주시 아연로 2
34026,63143,제주특별자치도 제주시 수목원길 72
34027,63144,제주특별자치도 제주시 오라남로 51
34028,63145,제주특별자치도 제주시 연오로 95
34029,63146,제주특별자치도 제주시 오남로 56
34030,63147,제주특별자치도 제주시 오남로 336
34031,63148,제주특별자치도 제주시 서연길 10
34032,63149,제주특별자치도 제주시 오라로1길 8
34033,63150,제주특별자치도 제주시 용해로 21
34034,63151,제주특별자치도 제주시 용마로3길 20
34035,63152,제주특별자치도 제주시 용담로7길 2
34036,63153,제주특별자치도 제주시 동한두기길 31
34037,63154,제주특별자치도 제주시 서문로4길 8
34038,63155,제주특별자치도 제주시 용한로 18
34039,63156,제주특별자치도 제주시 용화로11길 28
34040,63157,제주특별자치도 제주시 용담로 36
34041,63158,제주특별자치도 제주시 성화로 27
34042,63159,제주특별자치도 제주시 용문로11길 45
34043,63160,제주특별자치도 제주시 용화로10길 35
34044,63161,제주특별자치도 제주시 용문로18길 27
34045,63162,제주특별자치도 제주시 용원1길 15
34046,63163,제주특별자치도 제주시 서광로 99
34047,63164,제주특별자치도 제주시 용문로 64
34048,63165,제주특별자치도 제주시 탑동로 38
34049,63166,제주특별자치도 제주시 중앙로 22
34050,63167,제주특별자치도 제주시 무근성길 26
34051,63168,제주특별자치도 제주시 관덕로 26
34052,63169,제주특별자치도 제주시 남성로23길 6
34053,63170,제주특별자치도 제주시 남성로26길 10
34054,63171,제주특별자치도 제주시 전농로9길 48
34055,63172,제주특별자치도 제주시 충효4길 7
34056,63173,제주특별자치도 제주시 서사로12길 38
34057,63174,제주특별자치도 제주시 용담로18길 26
34058,63175,제주특별자치도 제주시 서광로11길 43
34059,63176,제주특별자치도 제주시 평전6길 8
34060,63177,제주특별자치도 제주시 전농로 59
34061,63178,제주특별자치도 제주시 남성로22길 52
34062,63179,제주특별자치도 제주시 전농로 87
34063,63180,제주특별자치도 제주시 홍랑길 18
34064,63181,제주특별자치도 제주시 서사로 97
34065,63182,제주특별자치도 제주시 서사로 129
34066,63183,제주특별자치도 제주시 서사로 120
34067,63184,제주특별자치도 제주시 서사로20길 37
34068,63185,제주특별자치도 제주시 삼오길 21
34069,63186,제주특별자치도 제주시 서광로18길 10
34070,63187,제주특별자치도 제주시 서광로22길 3
34071,63188,제주특별자치도 제주시 서광로4길 5
34072,63189,제주특별자치도 제주시 서광로2길 24
34073,63190,제주특별자치도 제주시 공설로11길 11
34074,63191,제주특별자치도 제주시 연삼로 265
34075,63192,제주특별자치도 제주시 오현길 90
34076,63193,제주특별자치도 제주시 중앙로17길 10
34077,63194,제주특별자치도 제주시 중앙로23길 12
34078,63195,제주특별자치도 제주시 중앙로23길 26
34079,63196,제주특별자치도 제주시 돈내길 46
34080,63197,제주특별자치도 제주시 돈내길 5
34081,63198,제주특별자치도 제주시 서광로29길 16
34082,63199,제주특별자치도 제주시 서광로27길 32
34083,63200,제주특별자치도 제주시 도남로5길 18
34084,63201,제주특별자치도 제주시 신성로 15
34085,63202,제주특별자치도 제주시 도남서길 15
34086,63203,제주특별자치도 제주시 신성로4길 11
34087,63204,제주특별자치도 제주시 도남로10길 20
34088,63205,제주특별자치도 제주시 신성로 80
34089,63206,제주특별자치도 제주시 신성로14길 24
34090,63207,제주특별자치도 제주시 중앙로 232
34091,63208,제주특별자치도 제주시 중앙로 215
34092,63209,제주특별자치도 제주시 광양11길 12
34093,63210,제주특별자치도 제주시 동고산로 28
34094,63211,제주특별자치도 제주시 오복7길 26
34095,63212,제주특별자치도 제주시 동광로10길 37
34096,63213,제주특별자치도 제주시 광양9길 56
34097,63214,제주특별자치도 제주시 가령골2길 19
34098,63215,제주특별자치도 제주시 고마로 128
34099,63216,제주특별자치도 제주시 가령로3길 7
34100,63217,제주특별자치도 제주시 청귤로7길 15
34101,63218,제주특별자치도 제주시 천수로6길 27
34102,63219,제주특별자치도 제주시 연삼로 286
34103,63220,제주특별자치도 제주시 복지로1길 13
34104,63221,제주특별자치도 제주시 도남로15길 8
34105,63222,제주특별자치도 제주시 독짓골8길 26
34106,63223,제주특별자치도 제주시 중앙로 299
34107,63224,제주특별자치도 제주시 남광북1길 34
34108,63225,제주특별자치도 제주시 연삼로 480
34109,63226,제주특별자치도 제주시 정든로 38
34110,63227,제주특별자치도 제주시 승천로 75
34111,63228,제주특별자치도 제주시 연북로 705
34112,63229,제주특별자치도 제주시 신설로7길 4
34113,63230,제주특별자치도 제주시 박성내동길 55
34114,63231,제주특별자치도 제주시 승천로 62
34115,63232,제주특별자치도 제주시 구남로6길 55
34116,63233,제주특별자치도 제주시 구남동4길 59
34117,63234,제주특별자치도 제주시 연북로 363
34118,63235,제주특별자치도 제주시 오등봉길 45
34119,63236,제주특별자치도 제주시 구산로 70
34120,63237,제주특별자치도 제주시 중앙로 526
34121,63238,제주특별자치도 제주시 아란15길 17
34122,63239,제주특별자치도 제주시 대원길 52
34123,63240,제주특별자치도 제주시 오등9길 27
34124,63241,제주특별자치도 제주시 한북로 331
34125,63242,제주특별자치도 제주시 선돌목동길 60
34126,63243,제주특별자치도 제주시 산천단동2길 2
34127,63244,제주특별자치도 제주시 516로 3095
34128,63245,제주특별자치도 제주시 중앙로 409
34129,63246,제주특별자치도 제주시 기자길 58
34130,63247,제주특별자치도 제주시 아봉로 18
34131,63248,제주특별자치도 제주시 인다14길 25
34132,63249,제주특별자치도 제주시 인다1길 43
34133,63250,제주특별자치도 제주시 고마로 9
34134,63251,제주특별자치도 제주시 동문로 156
34135,63252,제주특별자치도 제주시 고마로 39
34136,63253,제주특별자치도 제주시 고마로 51
34137,63254,제주특별자치도 제주시 천수동로2길 10
34138,63255,제주특별자치도 제주시 천수로9길 1
34139,63256,제주특별자치도 제주시 천수로 91
34140,63257,제주특별자치도 제주시 천수로 92
34141,63258,제주특별자치도 제주시 고마로 127
34142,63259,제주특별자치도 제주시 연수로 15
34143,63260,제주특별자치도 제주시 태성로 6
34144,63261,제주특별자치도 제주시 태성로4길 36
34145,63262,제주특별자치도 제주시 남광로 181
34146,63263,제주특별자치도 제주시 남광로 176
34147,63264,제주특별자치도 제주시 관덕로14길 9
34148,63265,제주특별자치도 제주시 신산로1길 2
34149,63266,제주특별자치도 제주시 동문로20길 13
34150,63267,제주특별자치도 제주시 신산로5길 14
34151,63268,제주특별자치도 제주시 삼성로11길 26
34152,63269,제주특별자치도 제주시 삼성로5길 40
34153,63270,제주특별자치도 제주시 삼성로 40
34154,63271,제주특별자치도 제주시 신산로9길 11
34155,63272,제주특별자치도 제주시 동광로17길 56
34156,63273,제주특별자치도 제주시 삼성로18길 9
34157,63274,제주특별자치도 제주시 동광로13길 14
34158,63275,제주특별자치도 제주시 동광로 124
34159,63276,제주특별자치도 제주시 임항로 43
34160,63277,제주특별자치도 제주시 관덕로15길 29
34161,63278,제주특별자치도 제주시 만덕로6길 11
34162,63279,제주특별자치도 제주시 연무정길 56
34163,63280,제주특별자치도 제주시 임항로 80
34164,63281,제주특별자치도 제주시 칠머리길 4
34165,63282,제주특별자치도 제주시 연무정길 27
34166,63283,제주특별자치도 제주시 사라봉9길 10
34167,63284,제주특별자치도 제주시 임항로 197
34168,63285,제주특별자치도 제주시 동문로 170
34169,63286,제주특별자치도 제주시 금산길 22
34170,63287,제주특별자치도 제주시 진동로 61
34171,63288,제주특별자치도 제주시 일주동로 229
34172,63289,제주특별자치도 제주시 진동로3길 32
34173,63290,제주특별자치도 제주시 진동로 43
34174,63291,제주특별자치도 제주시 진서로 38
34175,63292,제주특별자치도 제주시 진동로3길 10
34176,63293,제주특별자치도 제주시 사라봉동길 74
34177,63294,제주특별자치도 제주시 일주동로 61
34178,63295,제주특별자치도 제주시 일주동로 12
34179,63296,제주특별자치도 제주시 거로서길 45
34180,63297,제주특별자치도 제주시 선반로4길 19
34181,63298,제주특별자치도 제주시 청풍남4길 14
34182,63299,제주특별자치도 제주시 연삼로 759
34183,63300,제주특별자치도 제주시 동화로 66
34184,63301,제주특별자치도 제주시 동화로1길 44
34185,63302,제주특별자치도 제주시 동화로 5
34186,63303,제주특별자치도 제주시 화삼로 36
34187,63304,제주특별자치도 제주시 거로남10길 129
34188,63305,제주특별자치도 제주시 신설동길 89
34189,63306,제주특별자치도 제주시 연삼로 632
34190,63307,제주특별자치도 제주시 천수동로 39
34191,63308,제주특별자치도 제주시 연신로 280
34192,63309,제주특별자치도 제주시 첨단로 185
34193,63310,제주특별자치도 제주시 516로 2823
34194,63311,제주특별자치도 제주시 월평4길 26
34195,63312,제주특별자치도 제주시 아봉로 534
34196,63313,제주특별자치도 제주시 봉개4길 7
34197,63314,제주특별자치도 제주시 감수북길 44
34198,63315,제주특별자치도 제주시 원당북로 45
34199,63316,제주특별자치도 제주시 매촌1길 2
34200,63317,제주특별자치도 제주시 선사로6길 58
34201,63318,제주특별자치도 제주시 선사로6길 7
34202,63319,제주특별자치도 제주시 지석9길 34
34203,63320,제주특별자치도 제주시 벌랑길 77
34204,63321,제주특별자치도 제주시 지석10길 7
34205,63322,제주특별자치도 제주시 건주로2길 5
34206,63323,제주특별자치도 제주시 건주로6길 42
34207,63324,제주특별자치도 제주시 화삼북로 136
34208,63325,제주특별자치도 제주시 삼봉로 80
34209,63326,제주특별자치도 제주시 매촌서2길 15
34210,63327,제주특별자치도 제주시 밤낭골길 29
34211,63328,제주특별자치도 제주시 불택길 12
34212,63329,제주특별자치도 제주시 고사리길 27
34213,63330,제주특별자치도 제주시 송이길 31
34214,63331,제주특별자치도 제주시 신북로 255
34215,63332,제주특별자치도 제주시 신흥로2길 20
34216,63333,제주특별자치도 제주시 함덕서1길 7
34217,63334,제주특별자치도 제주시 함와로 146
34218,63335,제주특별자치도 제주시 조와로1길 85
34219,63336,제주특별자치도 제주시 신조로 31
34220,63337,제주특별자치도 제주시 신북로 97
34221,63338,제주특별자치도 제주시 신와로 92
34222,63339,제주특별자치도 제주시 북촌서5길 13
34223,63340,제주특별자치도 제주시 선흘남4길 264
34224,63341,제주특별자치도 제주시 선교로 159
34225,63342,제주특별자치도 제주시 미래로 100
34226,63343,제주특별자치도 제주시 곱은달남길 47
34227,63344,제주특별자치도 제주시 와흘4길 10
34228,63345,제주특별자치도 제주시 교래2길 47
34229,63346,제주특별자치도 제주시 미래로 589
34230,63347,제주특별자치도 제주시 조천우회로 986
34231,63348,제주특별자치도 제주시 구좌해안로 108
34232,63349,제주특별자치도 제주시 월행남길 96
34233,63350,제주특별자치도 제주시 한평남로 205
34234,63351,제주특별자치도 제주시 다랑쉬북로 37
34235,63352,제주특별자치도 제주시 세화남3길 10
34236,63353,제주특별자치도 제주시 상도로 375
34237,63354,제주특별자치도 제주시 종달서길 44
34238,63355,제주특별자치도 제주시 송당2길 32
34239,63356,제주특별자치도 제주시 덕평로 121
34240,63357,제주특별자치도 제주시 김녕로21길 5
34241,63358,제주특별자치도 제주시 월정중길 19
34242,63359,제주특별자치도 제주시 한평길 49
34243,63360,제주특별자치도 제주시 일주동로 3116
34244,63361,제주특별자치도 제주시 해녀박물관길 11
34245,63362,제주특별자치도 제주시 상도로 21
34246,63363,제주특별자치도 제주시 문주란로1길 59
34247,63364,제주특별자치도 제주시 해맞이해안로 2248
34248,63365,제주특별자치도 제주시 우도로 297
34249,63500,제주특별자치도 서귀포시 노을해안로 554
34250,63501,제주특별자치도 서귀포시 서삼중로73번길 3
34251,63502,제주특별자치도 서귀포시 노을해안로 352
34252,63503,제주특별자치도 서귀포시 무릉인향로14번길 21
34253,63504,제주특별자치도 서귀포시 전세비로 108
34254,63505,제주특별자치도 서귀포시 대한로 297
34255,63506,제주특별자치도 서귀포시 동일하모로 106
34256,63507,제주특별자치도 서귀포시 하모이삼로 10
34257,63508,제주특별자치도 서귀포시 동일하모로 227
34258,63509,제주특별자치도 서귀포시 일주서로2498번길 133
34259,63510,제주특별자치도 서귀포시 상모대서로20번길 61
34260,63511,제주특별자치도 서귀포시 단산로52번길 8
34261,63512,제주특별자치도 서귀포시 백조일손길 41
34262,63513,제주특별자치도 서귀포시 송악관광로 414
34263,63514,제주특별자치도 서귀포시 가파로67번길 93
34264,63515,제주특별자치도 서귀포시 마라로77번길 3
34265,63516,제주특별자치도 서귀포시 보성상로 256
34266,63517,제주특별자치도 서귀포시 영어도시로 11
34267,63518,제주특별자치도 서귀포시 중산간서로 2380
34268,63519,제주특별자치도 서귀포시 중산간서로 2308
34269,63520,제주특별자치도 서귀포시 구억중앙로 11
34270,63521,제주특별자치도 서귀포시 녹차분재로 37
34271,63522,제주특별자치도 서귀포시 서광동로 101
34272,63523,제주특별자치도 서귀포시 평화로 1241
34273,63524,제주특별자치도 서귀포시 광평로 75
34274,63525,제주특별자치도 서귀포시 병악로 433
34275,63526,제주특별자치도 서귀포시 병악로 269
34276,63527,제주특별자치도 서귀포시 일주서로2100번길 168
34277,63528,제주특별자치도 서귀포시 일주서로 1941
34278,63529,제주특별자치도 서귀포시 화순서서로 52
34279,63530,제주특별자치도 서귀포시 화순로 103
34280,63531,제주특별자치도 서귀포시 감천로 172
34281,63532,제주특별자치도 서귀포시 한창로 41
34282,63533,제주특별자치도 서귀포시 한밭로 3
34283,63534,제주특별자치도 서귀포시 일주서로 1318
34284,63535,제주특별자치도 서귀포시 중문관광로110번길 15
34285,63536,제주특별자치도 서귀포시 예래해안로 550
34286,63537,제주특별자치도 서귀포시 예래로102번길 58
34287,63538,제주특별자치도 서귀포시 하예로19번길 66
34288,63539,제주특별자치도 서귀포시 일주서로 712
34289,63540,제주특별자치도 서귀포시 일주서로 566
34290,63541,제주특별자치도 서귀포시 구산봉로 46
34291,63542,제주특별자치도 서귀포시 일주서로 479
34292,63543,제주특별자치도 서귀포시 대포동서로 31
34293,63544,제주특별자치도 서귀포시 대포복개로 84
34294,63545,제주특별자치도 서귀포시 중문로29번길 12
34295,63546,제주특별자치도 서귀포시 중문관광로 293
34296,63547,제주특별자치도 서귀포시 이어도로 120
34297,63548,제주특별자치도 서귀포시 존제로10번길 130
34298,63549,제주특별자치도 서귀포시 상예로 530
34299,63550,제주특별자치도 서귀포시 산록남로 1438
34300,63551,제주특별자치도 서귀포시 1100로 297
34301,63552,제주특별자치도 서귀포시 중산간서로594번길 7
34302,63553,제주특별자치도 서귀포시 하원북로14번길 44
34303,63554,제주특별자치도 서귀포시 1100로 731
34304,63555,제주특별자치도 서귀포시 중산간서로356번길 77
34305,63556,제주특별자치도 서귀포시 중산간서로 68
34306,63557,제주특별자치도 서귀포시 일주서로 324
34307,63558,제주특별자치도 서귀포시 일주서로176번길 51
34308,63559,제주특별자치도 서귀포시 신서로 55
34309,63560,제주특별자치도 서귀포시 일주서로 77
34310,63561,제주특별자치도 서귀포시 일주서로 353
34311,63562,제주특별자치도 서귀포시 월평하원로 10
34312,63563,제주특별자치도 서귀포시 강정통물로 114
34313,63564,제주특별자치도 서귀포시 이어도로 786
34314,63565,제주특별자치도 서귀포시 신서로122번길 74
34315,63566,제주특별자치도 서귀포시 신서귀로97번길 55
34316,63567,제주특별자치도 서귀포시 김정문화로 6
34317,63568,제주특별자치도 서귀포시 신동로 22
34318,63569,제주특별자치도 서귀포시 서호중로 102
34319,63570,제주특별자치도 서귀포시 일주동로 8783
34320,63571,제주특별자치도 서귀포시 이어도로 1046
34321,63572,제주특별자치도 서귀포시 법환상로2번길 57
34322,63573,제주특별자치도 서귀포시 법환로71번길 10
34323,63574,제주특별자치도 서귀포시 중산간동로 8366
34324,63575,제주특별자치도 서귀포시 학수암로76번길 26
34325,63576,제주특별자치도 서귀포시 인정오름로 387
34326,63577,제주특별자치도 서귀포시 516로771번길 200
34327,63578,제주특별자치도 서귀포시 중산간동로 8178
34328,63579,제주특별자치도 서귀포시 토평북로 38
34329,63580,제주특별자치도 서귀포시 동홍로302번길 7
34330,63581,제주특별자치도 서귀포시 토평공단로139번길 22
34331,63582,제주특별자치도 서귀포시 516로 501
34332,63583,제주특별자치도 서귀포시 서홍로69번길 152
34333,63584,제주특별자치도 서귀포시 장수로 87
34334,63585,제주특별자치도 서귀포시 일주동로 8670
34335,63586,제주특별자치도 서귀포시 동홍로 192
34336,63587,제주특별자치도 서귀포시 동홍북로 38
34337,63588,제주특별자치도 서귀포시 동홍로 76
34338,63589,제주특별자치도 서귀포시 태평로 567
34339,63590,제주특별자치도 서귀포시 중동로48번길 11
34340,63591,제주특별자치도 서귀포시 중정로73번길 2
34341,63592,제주특별자치도 서귀포시 중앙로 41
34342,63593,제주특별자치도 서귀포시 일주동로 8709
34343,63594,제주특별자치도 서귀포시 태평로 292
34344,63595,제주특별자치도 서귀포시 중정로 52
34345,63596,제주특별자치도 서귀포시 부두로 55
34346,63597,제주특별자치도 서귀포시 태평로 524
34347,63598,제주특별자치도 서귀포시 검은여로130번길 24
34348,63599,제주특별자치도 서귀포시 칠십리로 228
34349,63600,제주특별자치도 서귀포시 서리오름로 191
34350,63601,제주특별자치도 서귀포시 칠십리로729번길 26
34351,63602,제주특별자치도 서귀포시 동상효로 23
34352,63603,제주특별자치도 서귀포시 516로 296
34353,63604,제주특별자치도 서귀포시 중산간동로 7829
34354,63605,제주특별자치도 서귀포시 월라봉로34번길 37
34355,63606,제주특별자치도 서귀포시 효돈순환로 42
34356,63607,제주특별자치도 서귀포시 하례광장로 79
34357,63608,제주특별자치도 서귀포시 신례동로 338
34358,63609,제주특별자치도 서귀포시 남위남성로213번길 119
34359,63610,제주특별자치도 서귀포시 태위로 242
34360,63611,제주특별자치도 서귀포시 위미대화로16번길 12
34361,63612,제주특별자치도 서귀포시 일주동로 7905
34362,63613,제주특별자치도 서귀포시 일주동로 8052
34363,63614,제주특별자치도 서귀포시 서성로652번길 275
34364,63615,제주특별자치도 서귀포시 남조로 861
34365,63616,제주특별자치도 서귀포시 신흥로 32
34366,63617,제주특별자치도 서귀포시 태신삼석로73번길 83
34367,63618,제주특별자치도 서귀포시 원님서로 363
34368,63619,제주특별자치도 서귀포시 원님서로326번길 38
34369,63620,제주특별자치도 서귀포시 일주동로 7295
34370,63621,제주특별자치도 서귀포시 태위로 594
34371,63622,제주특별자치도 서귀포시 녹산로5번길 217
34372,63623,제주특별자치도 서귀포시 중산간동로 5230
34373,63624,제주특별자치도 서귀포시 번영로 2595
34374,63625,제주특별자치도 서귀포시 돈오름로22번길 17
34375,63626,제주특별자치도 서귀포시 중산간동로5570번길 5
34376,63627,제주특별자치도 서귀포시 일주동로 5730
34377,63628,제주특별자치도 서귀포시 일주동로 6128
34378,63629,제주특별자치도 서귀포시 표선중앙로 101
34379,63630,제주특별자치도 서귀포시 수산서남로51번길 35
34380,63631,제주특별자치도 서귀포시 서성일로 513
34381,63632,제주특별자치도 서귀포시 난산온평로 215
34382,63633,제주특별자치도 서귀포시 환해장성로 347
34383,63634,제주특별자치도 서귀포시 일주동로 5121
34384,63635,제주특별자치도 서귀포시 삼달로 137
34385,63636,제주특별자치도 서귀포시 중산간동로 4517
34386,63637,제주특별자치도 서귀포시 신천도리못길 106
34387,63638,제주특별자치도 서귀포시 수시로 357
34388,63639,제주특별자치도 서귀포시 산성효자로114번길 65
34389,63640,제주특별자치도 서귀포시 일출로15번길 22
34390,63641,제주특별자치도 서귀포시 서성일로1168번길 21
34391,63642,제주특별자치도 서귀포시 섭지코지로 262
34392,63643,제주특별자치도 서귀포시 일출로 226
34393,63644,제주특별자치도 서귀포시 글로벌에듀로145번길 33
